{"CD007394": {"F0.5Measure": 0.12824249489944622, "F1Measure": 0.18945102260495156, "F3Measure": 0.5210183540556542, "NNR": 9.382022471910112, "NumRet": 834, "Precision": 0.10551558752997602, "Recall": 0.9263157894736842, "nDCG": 0.7184677046573762, "map": 0.3392, "Rprec": 0.4105, "recip_rank": 0.25, "ndcg": 0.7185, "set_P": 0.1055, "set_recall": 0.9263, "num_docs": 2545.0, "num_rels": 95.0, "num_shown": 834.0, "num_feedback": 0.0, "rels_found": 88.0, "last_rel": 798.0, "wss_100": 0.0, "wss_95": 0.0, "NCG@10": 0.705, "NCG@20": 0.853, "NCG@30": 0.9159999999999999, "NCG@40": 0.9159999999999999, "NCG@50": 0.9159999999999999, "NCG@60": 0.9159999999999999, "NCG@70": 0.9159999999999999, "NCG@80": 0.9159999999999999, "NCG@90": 0.9159999999999999, "NCG@100": 0.9159999999999999, "total_cost": 834.0, "total_cost_uniform": 1086.147, "total_cost_weighted": 4202.531, "norm_area": 0.878, "ap": 0.33899999999999997, "r": 0.9259999999999999, "loss_e": 0.027999999999999997, "loss_r": 0.005, "loss_er": 0.034}, "CD007427": {"F0.5Measure": 0.1068667576170987, "F1Measure": 0.14641744548286606, "F3Measure": 0.2890528905289053, "NNR": 10.833333333333334, "NumRet": 519, "Precision": 0.0905587668593449, "Recall": 0.3821138211382114, "nDCG": 0.3284960097288962, "map": 0.091, "Rprec": 0.2195, "recip_rank": 0.2, "ndcg": 0.3285, "set_P": 0.0906, "set_recall": 0.3821, "num_docs": 1521.0, "num_rels": 123.0, "num_shown": 519.0, "num_feedback": 0.0, "rels_found": 47.0, "last_rel": 515.0, "wss_100": 0.0, "wss_95": 0.0, "NCG@10": 0.26, "NCG@20": 0.301, "NCG@30": 0.366, "NCG@40": 0.366, "NCG@50": 0.366, "NCG@60": 0.366, "NCG@70": 0.366, "NCG@80": 0.366, "NCG@90": 0.366, "NCG@100": 0.366, "total_cost": 519.0, "total_cost_uniform": 1757.244, "total_cost_weighted": 2523.0, "norm_area": 0.359, "ap": 0.091, "r": 0.382, "loss_e": 0.023, "loss_r": 0.382, "loss_er": 0.405}, "CD008054": {"F0.5Measure": 0.18157768157768162, "F1Measure": 0.242570281124498, "F3Measure": 0.43933663078265933, "NNR": 6.394736842105263, "NumRet": 971, "Precision": 0.15550978372811536, "Recall": 0.551094890510949, "nDCG": 0.47014839151070914, "map": 0.1447, "Rprec": 0.2774, "recip_rank": 0.25, "ndcg": 0.4701, "set_P": 0.1555, "set_recall": 0.5511, "num_docs": 3217.0, "num_rels": 274.0, "num_shown": 971.0, "num_feedback": 0.0, "rels_found": 151.0, "last_rel": 959.0, "wss_100": 0.0, "wss_95": 0.0, "NCG@10": 0.28800000000000003, "NCG@20": 0.45299999999999996, "NCG@30": 0.551, "NCG@40": 0.551, "NCG@50": 0.551, "NCG@60": 0.551, "NCG@70": 0.551, "NCG@80": 0.551, "NCG@90": 0.551, "NCG@100": 0.551, "total_cost": 971.0, "total_cost_uniform": 2987.482, "total_cost_weighted": 5463.0, "norm_area": 0.511, "ap": 0.145, "r": 0.551, "loss_e": 0.006999999999999999, "loss_r": 0.20199999999999999, "loss_er": 0.20800000000000002}, "CD008643": {"F0.5Measure": 0.0009787129924149745, "F1Measure": 0.0015634160641000588, "F3Measure": 0.007684918347742555, "NNR": 1021.4, "NumRet": 5106, "Precision": 0.0007833920877399138, "Recall": 0.36363636363636365, "nDCG": 0.07323282938636029, "map": 0.0003, "Rprec": 0.0, "recip_rank": 0.0013, "ndcg": 0.0732, "set_P": 0.0008, "set_recall": 0.3636, "num_docs": 15083.0, "num_rels": 11.0, "num_shown": 5106.0, "num_feedback": 0.0, "rels_found": 4.0, "last_rel": 4930.0, "wss_100": 0.0, "wss_95": 0.0, "NCG@10": 0.091, "NCG@20": 0.091, "NCG@30": 0.182, "NCG@40": 0.182, "NCG@50": 0.182, "NCG@60": 0.182, "NCG@70": 0.182, "NCG@80": 0.182, "NCG@90": 0.182, "NCG@100": 0.182, "total_cost": 5106.0, "total_cost_uniform": 17804.0, "total_cost_weighted": 24748.218999999997, "norm_area": 0.281, "ap": 0.0, "r": 0.364, "loss_e": 0.09300000000000001, "loss_r": 0.405, "loss_er": 0.498}, "CD008686": {"F0.5Measure": 0.004272773884806016, "F1Measure": 0.006811989100817439, "F3Measure": 0.03280839895013124, "NNR": 243.66666666666666, "NumRet": 1461, "Precision": 0.0034223134839151265, "Recall": 0.7142857142857143, "nDCG": 0.17357557980588595, "map": 0.0082, "Rprec": 0.0, "recip_rank": 0.04, "ndcg": 0.1736, "set_P": 0.0034, "set_recall": 0.7143, "num_docs": 3966.0, "num_rels": 7.0, "num_shown": 1461.0, "num_feedback": 0.0, "rels_found": 5.0, "last_rel": 1457.0, "wss_100": 0.0, "wss_95": 0.0, "NCG@10": 0.14300000000000002, "NCG@20": 0.429, "NCG@30": 0.5710000000000001, "NCG@40": 0.5710000000000001, "NCG@50": 0.5710000000000001, "NCG@60": 0.5710000000000001, "NCG@70": 0.5710000000000001, "NCG@80": 0.5710000000000001, "NCG@90": 0.5710000000000001, "NCG@100": 0.5710000000000001, "total_cost": 1461.0, "total_cost_uniform": 2892.429, "total_cost_weighted": 3966.0, "norm_area": 0.593, "ap": 0.008, "r": 0.7140000000000001, "loss_e": 0.11900000000000001, "loss_r": 0.08199999999999999, "loss_er": 0.2}, "CD008691": {"F0.5Measure": 0.10303967027305512, "F1Measure": 0.14814814814814814, "F3Measure": 0.3558718861209964, "NNR": 11.414634146341463, "NumRet": 467, "Precision": 0.08565310492505353, "Recall": 0.547945205479452, "nDCG": 0.38286360273148273, "map": 0.0831, "Rprec": 0.1781, "recip_rank": 0.2, "ndcg": 0.3829, "set_P": 0.0857, "set_recall": 0.5479, "num_docs": 1316.0, "num_rels": 73.0, "num_shown": 467.0, "num_feedback": 0.0, "rels_found": 40.0, "last_rel": 463.0, "wss_100": 0.0, "wss_95": 0.0, "NCG@10": 0.233, "NCG@20": 0.397, "NCG@30": 0.466, "NCG@40": 0.466, "NCG@50": 0.466, "NCG@60": 0.466, "NCG@70": 0.466, "NCG@80": 0.466, "NCG@90": 0.466, "NCG@100": 0.466, "total_cost": 467.0, "total_cost_uniform": 1234.589, "total_cost_weighted": 2165.0, "norm_area": 0.484, "ap": 0.083, "r": 0.5479999999999999, "loss_e": 0.042, "loss_r": 0.204, "loss_er": 0.24600000000000002}, "CD009020": {"F0.5Measure": 0.1766953199617956, "F1Measure": 0.22945736434108527, "F3Measure": 0.38124678001030393, "NNR": 6.453333333333333, "NumRet": 483, "Precision": 0.15320910973084886, "Recall": 0.4567901234567901, "nDCG": 0.36551308167762464, "map": 0.0732, "Rprec": 0.1481, "recip_rank": 1.0, "ndcg": 0.3655, "set_P": 0.1532, "set_recall": 0.4568, "num_docs": 1584.0, "num_rels": 162.0, "num_shown": 483.0, "num_feedback": 0.0, "rels_found": 74.0, "last_rel": 481.0, "wss_100": 0.0, "wss_95": 0.0, "NCG@10": 0.142, "NCG@20": 0.253, "NCG@30": 0.43799999999999994, "NCG@40": 0.43799999999999994, "NCG@50": 0.43799999999999994, "NCG@60": 0.43799999999999994, "NCG@70": 0.43799999999999994, "NCG@80": 0.43799999999999994, "NCG@90": 0.43799999999999994, "NCG@100": 0.43799999999999994, "total_cost": 483.0, "total_cost_uniform": 1679.148, "total_cost_weighted": 2685.0, "norm_area": 0.40399999999999997, "ap": 0.073, "r": 0.457, "loss_e": 0.013999999999999999, "loss_r": 0.295, "loss_er": 0.309}, "CD009323": {"F0.5Measure": 0.07140241669718053, "F1Measure": 0.10706932052161978, "F3Measure": 0.32059186189889033, "NNR": 16.911392405063292, "NumRet": 1335, "Precision": 0.058426966292134834, "Recall": 0.639344262295082, "nDCG": 0.47491640035094435, "map": 0.0997, "Rprec": 0.1557, "recip_rank": 1.0, "ndcg": 0.4749, "set_P": 0.0584, "set_recall": 0.6393, "num_docs": 3881.0, "num_rels": 122.0, "num_shown": 1335.0, "num_feedback": 0.0, "rels_found": 78.0, "last_rel": 1298.0, "wss_100": 0.0, "wss_95": 0.0, "NCG@10": 0.426, "NCG@20": 0.541, "NCG@30": 0.615, "NCG@40": 0.615, "NCG@50": 0.615, "NCG@60": 0.615, "NCG@70": 0.615, "NCG@80": 0.615, "NCG@90": 0.615, "NCG@100": 0.615, "total_cost": 1335.0, "total_cost_uniform": 3171.4590000000003, "total_cost_weighted": 6427.0, "norm_area": 0.588, "ap": 0.1, "r": 0.639, "loss_e": 0.024, "loss_r": 0.13, "loss_er": 0.154}, "CD009591": {"F0.5Measure": 0.05560344827586206, "F1Measure": 0.08577127659574468, "F3Measure": 0.3100961538461538, "NNR": 22.03846153846154, "NumRet": 2864, "Precision": 0.04504189944134078, "Recall": 0.8958333333333334, "nDCG": 0.6739751609225798, "map": 0.2139, "Rprec": 0.2986, "recip_rank": 1.0, "ndcg": 0.674, "set_P": 0.045, "set_recall": 0.8958, "num_docs": 7991.0, "num_rels": 144.0, "num_shown": 2864.0, "num_feedback": 0.0, "rels_found": 129.0, "last_rel": 2511.0, "wss_100": 0.0, "wss_95": 0.0, "NCG@10": 0.6940000000000001,