{"CD007394": {"F0.5Measure": 0.047702996992637144, "F1Measure": 0.07413376309427881, "F3Measure": 0.28377544725478104, "NNR": 25.677419354838708, "NumRet": 2387, "Precision": 0.038542103058232094, "Recall": 0.968421052631579, "nDCG": 0.7382773028473717, "map": 0.3429, "Rprec": 0.4105, "recip_rank": 0.25, "ndcg": 0.7383, "set_P": 0.0385, "set_recall": 0.9684, "num_docs": 2545.0, "num_rels": 95.0, "num_shown": 2387.0, "num_feedback": 0.0, "rels_found": 92.0, "last_rel": 1374.0, "wss_100": 0.0, "wss_95": 0.596, "NCG@10": 0.705, "NCG@20": 0.853, "NCG@30": 0.9159999999999999, "NCG@40": 0.9470000000000001, "NCG@50": 0.958, "NCG@60": 0.968, "NCG@70": 0.968, "NCG@80": 0.968, "NCG@90": 0.968, "NCG@100": 0.968, "total_cost": 2387.0, "total_cost_uniform": 2396.979, "total_cost_weighted": 2624.0, "norm_area": 0.904, "ap": 0.34299999999999997, "r": 0.968, "loss_e": 0.231, "loss_r": 0.001, "loss_er": 0.23199999999999998}, "CD007427": {"F0.5Measure": 0.052687979996427936, "F1Measure": 0.07908847184986596, "F3Measure": 0.2382875605815832, "NNR": 22.833333333333332, "NumRet": 1369, "Precision": 0.04309715120525932, "Recall": 0.4796747967479675, "nDCG": 0.38070511425223563, "map": 0.0985, "Rprec": 0.2195, "recip_rank": 0.2, "ndcg": 0.3807, "set_P": 0.0431, "set_recall": 0.4797, "num_docs": 1521.0, "num_rels": 123.0, "num_shown": 1369.0, "num_feedback": 0.0, "rels_found": 59.0, "last_rel": 877.0, "wss_100": 0.0, "wss_95": 0.0, "NCG@10": 0.26, "NCG@20": 0.301, "NCG@30": 0.366, "NCG@40": 0.40700000000000003, "NCG@50": 0.439, "NCG@60": 0.48, "NCG@70": 0.48, "NCG@80": 0.48, "NCG@90": 0.48, "NCG@100": 0.48, "total_cost": 1369.0, "total_cost_uniform": 1527.1789999999999, "total_cost_weighted": 1673.0, "norm_area": 0.413, "ap": 0.098, "r": 0.48, "loss_e": 0.163, "loss_r": 0.271, "loss_er": 0.434}, "CD008054": {"F0.5Measure": 0.08642389662695082, "F1Measure": 0.1293563579277865, "F3Measure": 0.3831132601822578, "NNR": 14.067632850241546, "NumRet": 2911, "Precision": 0.07076605977327378, "Recall": 0.7518248175182481, "nDCG": 0.5883605240420355, "map": 0.1691, "Rprec": 0.2774, "recip_rank": 0.25, "ndcg": 0.5884, "set_P": 0.0708, "set_recall": 0.7518, "num_docs": 3217.0, "num_rels": 274.0, "num_shown": 2911.0, "num_feedback": 0.0, "rels_found": 206.0, "last_rel": 2258.0, "wss_100": 0.0, "wss_95": 0.0, "NCG@10": 0.28800000000000003, "NCG@20": 0.45299999999999996, "NCG@30": 0.551, "NCG@40": 0.617, "NCG@50": 0.679, "NCG@60": 0.7120000000000001, "NCG@70": 0.745, "NCG@80": 0.752, "NCG@90": 0.752, "NCG@100": 0.752, "total_cost": 2911.0, "total_cost_uniform": 3062.883, "total_cost_weighted": 3523.0, "norm_area": 0.621, "ap": 0.16899999999999998, "r": 0.752, "loss_e": 0.059000000000000004, "loss_r": 0.062, "loss_er": 0.12}, "CD008643": {"F0.5Measure": 0.0005318488840037585, "F1Measure": 0.0008504606661941884, "F3Measure": 0.004225947316523454, "NNR": 2014.2857142857142, "NumRet": 14099, "Precision": 0.0004255620966025959, "Recall": 0.5454545454545454, "nDCG": 0.10551640222708811, "map": 0.0004, "Rprec": 0.0, "recip_rank": 0.0013, "ndcg": 0.1055, "set_P": 0.0004, "set_recall": 0.5455, "num_docs": 15083.0, "num_rels": 11.0, "num_shown": 14099.0, "num_feedback": 0.0, "rels_found": 6.0, "last_rel": 7410.0, "wss_100": 0.0, "wss_95": 0.0, "NCG@10": 0.091, "NCG@20": 0.091, "NCG@30": 0.182, "NCG@40": 0.364, "NCG@50": 0.545, "NCG@60": 0.545, "NCG@70": 0.545, "NCG@80": 0.545, "NCG@90": 0.545, "NCG@100": 0.545, "total_cost": 14099.0, "total_cost_uniform": 14993.545, "total_cost_weighted": 15944.0, "norm_area": 0.375, "ap": 0.0, "r": 0.545, "loss_e": 0.7090000000000001, "loss_r": 0.207, "loss_er": 0.9159999999999999}, "CD008686": {"F0.5Measure": 0.0015997952262110451, "F1Measure": 0.0025562372188139056, "F3Measure": 0.012600806451612902, "NNR": 651, "NumRet": 3905, "Precision": 0.0012804097311139564, "Recall": 0.7142857142857143, "nDCG": 0.17357557980588595, "map": 0.0082, "Rprec": 0.0, "recip_rank": 0.04, "ndcg": 0.1736, "set_P": 0.0013, "set_recall": 0.7143, "num_docs": 3966.0, "num_rels": 7.0, "num_shown": 3905.0, "num_feedback": 0.0, "rels_found": 5.0, "last_rel": 1457.0, "wss_100": 0.0, "wss_95": 0.0, "NCG@10": 0.14300000000000002, "NCG@20": 0.429, "NCG@30": 0.5710000000000001, "NCG@40": 0.7140000000000001, "NCG@50": 0.7140000000000001, "NCG@60": 0.7140000000000001, "NCG@70": 0.7140000000000001, "NCG@80": 0.7140000000000001, "NCG@90": 0.7140000000000001, "NCG@100": 0.7140000000000001, "total_cost": 3905.0, "total_cost_uniform": 3939.857, "total_cost_weighted": 3966.0, "norm_area": 0.593, "ap": 0.008, "r": 0.7140000000000001, "loss_e": 0.847, "loss_r": 0.08199999999999999, "loss_er": 0.9279999999999999}, "CD008691": {"F0.5Measure": 0.06704022413448067, "F1Measure": 0.10276073619631901, "F3Measure": 0.3548728813559322, "NNR": 18.11764705882353, "NumRet": 1231, "Precision": 0.054427294882209584, "Recall": 0.9178082191780822, "nDCG": 0.5537155871677283, "map": 0.1116, "Rprec": 0.1781, "recip_rank": 0.2, "ndcg": 0.5537, "set_P": 0.0544, "set_recall": 0.9178, "num_docs": 1316.0, "num_rels": 73.0, "num_shown": 1231.0, "num_feedback": 0.0, "rels_found": 67.0, "last_rel": 1060.0, "wss_100": 0.0, "wss_95": 0.0, "NCG@10": 0.233, "NCG@20": 0.397, "NCG@30": 0.466, "NCG@40": 0.575, "NCG@50": 0.7120000000000001, "NCG@60": 0.795, "NCG@70": 0.877, "NCG@80": 0.904, "NCG@90": 0.9179999999999999, "NCG@100": 0.9179999999999999, "total_cost": 1231.0, "total_cost_uniform": 1244.973, "total_cost_weighted": 1395.6879999999999, "norm_area": 0.66, "ap": 0.11199999999999999, "r": 0.9179999999999999, "loss_e": 0.292, "loss_r": 0.006999999999999999, "loss_er": 0.299}, "CD009020": {"F0.5Measure": 0.12721794442584533, "F1Measure": 0.18823529411764706, "F3Measure": 0.5221573342493988, "NNR": 9.50326797385621, "NumRet": 1453, "Precision": 0.10461114934618032, "Recall": 0.9382716049382716, "nDCG": 0.6363146083982838, "map": 0.138, "Rprec": 0.1481, "recip_rank": 1.0, "ndcg": 0.6363, "set_P": 0.1046, "set_recall": 0.9383, "num_docs": 1584.0, "num_rels": 162.0, "num_shown": 1453.0, "num_feedback": 0.0, "rels_found": 152.0, "last_rel": 1394.0, "wss_100": 0.0, "wss_95": 0.0, "NCG@10": 0.142, "NCG@20": 0.253, "NCG@30": 0.43799999999999994, "NCG@40": 0.562, "NCG@50": 0.654, "NCG@60": 0.759, "NCG@70": 0.8640000000000001, "NCG@80": 0.895, "NCG@90": 0.938, "NCG@100": 0.938, "total_cost": 1453.0, "total_cost_uniform": 1469.1729999999998, "total_cost_weighted": 1714.4879999999998, "norm_area": 0.635, "ap": 0.138, "r": 0.938, "loss_e": 0.12300000000000001, "loss_r": 0.004, "loss_er": 0.126}, "CD009323": {"F0.5Measure": 0.03322372927798329, "F1Measure": 0.05185779203421545, "F3Measure": 0.20563917744329024, "NNR": 36.93877551020408, "NumRet": 3619, "Precision": 0.02680298424979276, "Recall": 0.7950819672131147, "nDCG": 0.5467524605691442, "map": 0.1068, "Rprec": 0.1557, "recip_rank": 1.0, "ndcg": 0.5468, "set_P": 0.0268, "set_recall": 0.7951, "num_docs": 3881.0, "num_rels": 122.0, "num_shown": 3619.0, "num_feedback": 0.0, "rels_found": 97.0, "last_rel": 3166.0, "wss_100": 0.0, "wss_95": 0.0, "NCG@10": 0.426, "NCG@20": 0.541, "NCG@30": 0.615, "NCG@40": 0.672, "NCG@50": 0.73, "NCG@60": 0.746, "NCG@70": 0.77, "NCG@80": 0.779, "NCG@90": 0.795, "NCG@100": 0.795, "total_cost": 3619.0, "total_cost_uniform": 3726.377, "total_cost_weighted": 4143.0, "norm_area": 0.6629999999999999, "ap": 0.107, "r": 0.795, "loss_e": 0.17600000000000002, "loss_r": 0.042, "loss_er": 0.218}, "CD009591": {"F0.5Measure": 0.02363480100489224, "F1Measure": 0.03728327467083822, "F3Measure": 0.1620763912501417, "NNR": 52.27777777777778, "NumRet": 7527, "Precision": 0.018998272884283247, "Recall": 0.9930555555555556, "nDCG": 0.7174161684856624, "map": 0.2176, "Rprec": 0.2986, "recip_rank": 1.0, "ndcg": 0.7174, "set_P": 0.019, "set_recall": 0.9931, "num_docs": 7991.0, "num_rels": 144.0, "num_shown": 7527.0, "num_feedback": 0.0, "rels_found": 143.0, "last_rel": 4560.0, "wss_100": 0.0, "wss_95": 0.5, "NCG@10": 0.6940000000000001, "NCG@20": 0.812, "NCG@30": 0.889,