{"CD007394": {"F0.5Measure": 0.1021324354657688, "F1Measure": 0.15358649789029535, "F3Measure": 0.46786632390745503, "NNR": 11.858695652173912, "NumRet": 1090, "Precision": 0.0834862385321101, "Recall": 0.9578947368421052, "nDCG": 0.7335250609130023, "map": 0.3422, "Rprec": 0.4105, "recip_rank": 0.25, "ndcg": 0.7335, "set_P": 0.0835, "set_recall": 0.9579, "num_docs": 2545.0, "num_rels": 95.0, "num_shown": 1090.0, "num_feedback": 0.0, "rels_found": 91.0, "last_rel": 1052.0, "wss_100": 0.0, "wss_95": 0.596, "NCG@10": 0.705, "NCG@20": 0.853, "NCG@30": 0.9159999999999999, "NCG@40": 0.9470000000000001, "NCG@50": 0.9470000000000001, "NCG@60": 0.9470000000000001, "NCG@70": 0.9470000000000001, "NCG@80": 0.9470000000000001, "NCG@90": 0.9470000000000001, "NCG@100": 0.9470000000000001, "total_cost": 1090.0, "total_cost_uniform": 1212.526, "total_cost_weighted": 3636.25, "norm_area": 0.899, "ap": 0.342, "r": 0.958, "loss_e": 0.048, "loss_r": 0.002, "loss_er": 0.05}, "CD007427": {"F0.5Measure": 0.09369369369369371, "F1Measure": 0.13231552162849874, "F3Measure": 0.2937853107344633, "NNR": 12.528301886792454, "NumRet": 663, "Precision": 0.0784313725490196, "Recall": 0.42276422764227645, "nDCG": 0.3508232766150356, "map": 0.0944, "Rprec": 0.2195, "recip_rank": 0.2, "ndcg": 0.3508, "set_P": 0.0784, "set_recall": 0.4228, "num_docs": 1521.0, "num_rels": 123.0, "num_shown": 663.0, "num_feedback": 0.0, "rels_found": 52.0, "last_rel": 651.0, "wss_100": 0.0, "wss_95": 0.0, "NCG@10": 0.26, "NCG@20": 0.301, "NCG@30": 0.366, "NCG@40": 0.40700000000000003, "NCG@50": 0.40700000000000003, "NCG@60": 0.40700000000000003, "NCG@70": 0.40700000000000003, "NCG@80": 0.40700000000000003, "NCG@90": 0.40700000000000003, "NCG@100": 0.40700000000000003, "total_cost": 663.0, "total_cost_uniform": 1653.537, "total_cost_weighted": 2379.0, "norm_area": 0.385, "ap": 0.094, "r": 0.423, "loss_e": 0.038, "loss_r": 0.33299999999999996, "loss_er": 0.371}, "CD008054": {"F0.5Measure": 0.1575984990619137, "F1Measure": 0.21846553966189858, "F3Measure": 0.450402144772118, "NNR": 7.485207100591716, "NumRet": 1264, "Precision": 0.13291139240506328, "Recall": 0.6131386861313869, "nDCG": 0.508277902154532, "map": 0.1539, "Rprec": 0.2774, "recip_rank": 0.25, "ndcg": 0.5083, "set_P": 0.1329, "set_recall": 0.6131, "num_docs": 3217.0, "num_rels": 274.0, "num_shown": 1264.0, "num_feedback": 0.0, "rels_found": 168.0, "last_rel": 1247.0, "wss_100": 0.0, "wss_95": 0.0, "NCG@10": 0.28800000000000003, "NCG@20": 0.45299999999999996, "NCG@30": 0.551, "NCG@40": 0.551, "NCG@50": 0.551, "NCG@60": 0.551, "NCG@70": 0.551, "NCG@80": 0.551, "NCG@90": 0.551, "NCG@100": 0.551, "total_cost": 1264.0, "total_cost_uniform": 2775.08, "total_cost_weighted": 5170.0, "norm_area": 0.5539999999999999, "ap": 0.154, "r": 0.613, "loss_e": 0.011000000000000001, "loss_r": 0.15, "loss_er": 0.161}, "CD008643": {"F0.5Measure": 0.0007599072913104602, "F1Measure": 0.0012143290831815423, "F3Measure": 0.005991611743559018, "NNR": 1315.6, "NumRet": 6577, "Precision": 0.0006081800212863008, "Recall": 0.36363636363636365, "nDCG": 0.07323282938636029, "map": 0.0003, "Rprec": 0.0, "recip_rank": 0.0013, "ndcg": 0.0732, "set_P": 0.0006, "set_recall": 0.3636, "num_docs": 15083.0, "num_rels": 11.0, "num_shown": 6577.0, "num_feedback": 0.0, "rels_found": 4.0, "last_rel": 4930.0, "wss_100": 0.0, "wss_95": 0.0, "NCG@10": 0.091, "NCG@20": 0.091, "NCG@30": 0.182, "NCG@40": 0.364, "NCG@50": 0.364, "NCG@60": 0.364, "NCG@70": 0.364, "NCG@80": 0.364, "NCG@90": 0.364, "NCG@100": 0.364, "total_cost": 6577.0, "total_cost_uniform": 17402.818, "total_cost_weighted": 23323.188, "norm_area": 0.281, "ap": 0.0, "r": 0.364, "loss_e": 0.154, "loss_r": 0.405, "loss_er": 0.5589999999999999}, "CD008686": {"F0.5Measure": 0.0033320005331200857, "F1Measure": 0.00531632110579479, "F3Measure": 0.025813113061435213, "NNR": 312.5, "NumRet": 1874, "Precision": 0.0026680896478121665, "Recall": 0.7142857142857143, "nDCG": 0.17357557980588595, "map": 0.0082, "Rprec": 0.0, "recip_rank": 0.04, "ndcg": 0.1736, "set_P": 0.0027, "set_recall": 0.7143, "num_docs": 3966.0, "num_rels": 7.0, "num_shown": 1874.0, "num_feedback": 0.0, "rels_found": 5.0, "last_rel": 1457.0, "wss_100": 0.0, "wss_95": 0.0, "NCG@10": 0.14300000000000002, "NCG@20": 0.429, "NCG@30": 0.5710000000000001, "NCG@40": 0.7140000000000001, "NCG@50": 0.7140000000000001, "NCG@60": 0.7140000000000001, "NCG@70": 0.7140000000000001, "NCG@80": 0.7140000000000001, "NCG@90": 0.7140000000000001, "NCG@100": 0.7140000000000001, "total_cost": 1874.0, "total_cost_uniform": 3069.429, "total_cost_weighted": 3966.0, "norm_area": 0.593, "ap": 0.008, "r": 0.7140000000000001, "loss_e": 0.195, "loss_r": 0.08199999999999999, "loss_er": 0.27699999999999997}, "CD008691": {"F0.5Measure": 0.09580105992662044, "F1Measure": 0.14071856287425147, "F3Measure": 0.37539936102236415, "NNR": 12.416666666666666, "NumRet": 595, "Precision": 0.07899159663865546, "Recall": 0.6438356164383562, "nDCG": 0.4288644892554113, "map": 0.0909, "Rprec": 0.1781, "recip_rank": 0.2, "ndcg": 0.4289, "set_P": 0.079, "set_recall": 0.6438, "num_docs": 1316.0, "num_rels": 73.0, "num_shown": 595.0, "num_feedback": 0.0, "rels_found": 47.0, "last_rel": 592.0, "wss_100": 0.0, "wss_95": 0.0, "NCG@10": 0.233, "NCG@20": 0.397, "NCG@30": 0.466, "NCG@40": 0.575, "NCG@50": 0.575, "NCG@60": 0.575, "NCG@70": 0.575, "NCG@80": 0.575, "NCG@90": 0.575, "NCG@100": 0.575, "total_cost": 595.0, "total_cost_uniform": 1108.589, "total_cost_weighted": 2037.0, "norm_area": 0.542, "ap": 0.091, "r": 0.644, "loss_e": 0.068, "loss_r": 0.127, "loss_er": 0.195}, "CD009020": {"F0.5Measure": 0.16964951528709918, "F1Measure": 0.2297979797979798, "F3Measure": 0.4358237547892721, "NNR": 6.858695652173913, "NumRet": 630, "Precision": 0.14444444444444443, "Recall": 0.5617283950617284, "nDCG": 0.4282266691430113, "map": 0.089, "Rprec": 0.1481, "recip_rank": 1.0, "ndcg": 0.4282, "set_P": 0.1444, "set_recall": 0.5617, "num_docs": 1584.0, "num_rels": 162.0, "num_shown": 630.0, "num_feedback": 0.0, "rels_found": 91.0, "last_rel": 630.0, "wss_100": 0.0, "wss_95": 0.0, "NCG@10": 0.142, "NCG@20": 0.253, "NCG@30": 0.43799999999999994, "NCG@40": 0.43799999999999994, "NCG@50": 0.43799999999999994, "NCG@60": 0.43799999999999994, "NCG@70": 0.43799999999999994, "NCG@80": 0.43799999999999994, "NCG@90": 0.43799999999999994, "NCG@100": 0.43799999999999994, "total_cost": 630.0, "total_cost_uniform": 1466.2220000000002, "total_cost_weighted": 2538.0, "norm_area": 0.47600000000000003, "ap": 0.08900000000000001, "r": 0.562, "loss_e": 0.023, "loss_r": 0.192, "loss_er": 0.215}, "CD009323": {"F0.5Measure": 0.06008583690987125, "F1Measure": 0.09135399673735725, "F3Measure": 0.29840142095914746, "NNR": 20.211764705882352, "NumRet": 1717, "Precision": 0.0489225393127548, "Recall": 0.6885245901639344, "nDCG": 0.49845159236173764, "map": 0.1024, "Rprec": 0.1557, "recip_rank": 1.0, "ndcg": 0.4985, "set_P": 0.0489, "set_recall": 0.6885, "num_docs": 3881.0, "num_rels": 122.0, "num_shown": 1717.0, "num_feedback": 0.0, "rels_found": 84.0, "last_rel": 1586.0, "wss_100": 0.0, "wss_95": 0.0, "NCG@10": 0.426, "NCG@20": 0.541, "NCG@30": 0.615, "NCG@40": 0.672, "NCG@50": 0.672, "NCG@60": 0.672, "NCG@70": 0.672, "NCG@80": 0.672, "NCG@90": 0.672, "NCG@100": 0.672, "total_cost": 1717.0, "total_cost_uniform": 3065.066, "total_cost_weighted": 6045.0, "norm_area": 0.619, "ap": 0.102, "r": 0.6890000000000001, "loss_e": 0.04, "loss_r": 0.09699999999999999, "loss_er": 0.13699999999999998}, "CD009591": {"F0.5Measure": 0.0463589604764483, "F1Measure": 0.07206733298264073, "F3Measure": 0.2765442067016553, "NNR": 26.514492753623188, "NumRet": 3658, "Precision": 0.037452159650082015, "Recall": 0.9513888888888888, "nDCG": 0.6991369015671902, "map": 0.2162, "Rprec": 0.2986, "recip_rank": 1.0, "ndcg": 0.6991, "set_P": 0.0375, "set_recall": 0.9514, "num_docs": 7991.0, "num_rels": 144.0, "num_shown": 3658.0, "num_feedback": 0.0, "rels_found": 137.0, "last_rel": 3596.0,