{"CD007394": {"F0.5Measure": 0.1696969696969697, "F1Measure": 0.2434782608695652, "F3Measure": 0.5793103448275861, "NNR": 7.011764705882353, "NumRet": 595, "Precision": 0.1411764705882353, "Recall": 0.8842105263157894, "nDCG": 0.6973694645818527, "map": 0.3337, "Rprec": 0.4105, "recip_rank": 0.25, "ndcg": 0.6974, "set_P": 0.1412, "set_recall": 0.8842, "num_docs": 2545.0, "num_rels": 95.0, "num_shown": 595.0, "num_feedback": 0.0, "rels_found": 84.0, "last_rel": 591.0, "wss_100": 0.0, "wss_95": 0.0, "NCG@10": 0.705, "NCG@20": 0.853, "NCG@30": 0.853, "NCG@40": 0.853, "NCG@50": 0.853, "NCG@60": 0.853, "NCG@70": 0.853, "NCG@80": 0.853, "NCG@90": 0.853, "NCG@100": 0.853, "total_cost": 595.0, "total_cost_uniform": 1046.579, "total_cost_weighted": 4491.191, "norm_area": 0.847, "ap": 0.33399999999999996, "r": 0.884, "loss_e": 0.013999999999999999, "loss_r": 0.013000000000000001, "loss_er": 0.027999999999999997}, "CD007427": {"F0.5Measure": 0.12507626601586333, "F1Measure": 0.1633466135458167, "F3Measure": 0.27590847913862715, "NNR": 9.047619047619047, "NumRet": 379, "Precision": 0.10817941952506596, "Recall": 0.3333333333333333, "nDCG": 0.3004643490646721, "map": 0.0861, "Rprec": 0.2195, "recip_rank": 0.2, "ndcg": 0.3005, "set_P": 0.1082, "set_recall": 0.3333, "num_docs": 1521.0, "num_rels": 123.0, "num_shown": 379.0, "num_feedback": 0.0, "rels_found": 41.0, "last_rel": 373.0, "wss_100": 0.0, "wss_95": 0.0, "NCG@10": 0.26, "NCG@20": 0.301, "NCG@30": 0.301, "NCG@40": 0.301, "NCG@50": 0.301, "NCG@60": 0.301, "NCG@70": 0.301, "NCG@80": 0.301, "NCG@90": 0.301, "NCG@100": 0.301, "total_cost": 379.0, "total_cost_uniform": 1901.6670000000001, "total_cost_weighted": 2663.0, "norm_area": 0.32299999999999995, "ap": 0.086, "r": 0.33299999999999996, "loss_e": 0.012, "loss_r": 0.444, "loss_er": 0.457}, "CD008054": {"F0.5Measure": 0.2122795558458524, "F1Measure": 0.26776519052523173, "F3Measure": 0.4110022130888398, "NNR": 5.32824427480916, "NumRet": 697, "Precision": 0.18651362984218078, "Recall": 0.4744525547445255, "nDCG": 0.42129248514942824, "map": 0.132, "Rprec": 0.2774, "recip_rank": 0.25, "ndcg": 0.4213, "set_P": 0.1865, "set_recall": 0.4745, "num_docs": 3217.0, "num_rels": 274.0, "num_shown": 697.0, "num_feedback": 0.0, "rels_found": 130.0, "last_rel": 693.0, "wss_100": 0.0, "wss_95": 0.0, "NCG@10": 0.28800000000000003, "NCG@20": 0.45299999999999996, "NCG@30": 0.45299999999999996, "NCG@40": 0.45299999999999996, "NCG@50": 0.45299999999999996, "NCG@60": 0.45299999999999996, "NCG@70": 0.45299999999999996, "NCG@80": 0.45299999999999996, "NCG@90": 0.45299999999999996, "NCG@100": 0.45299999999999996, "total_cost": 697.0, "total_cost_uniform": 3345.759, "total_cost_weighted": 5737.0, "norm_area": 0.452, "ap": 0.132, "r": 0.474, "loss_e": 0.003, "loss_r": 0.276, "loss_er": 0.28}, "CD008643": {"F0.5Measure": 0.0006744452687664396, "F1Measure": 0.0010767160161507402, "F3Measure": 0.0052590060478569555, "NNR": 1235, "NumRet": 3704, "Precision": 0.0005399568034557236, "Recall": 0.18181818181818182, "nDCG": 0.03933461299765238, "map": 0.0002, "Rprec": 0.0, "recip_rank": 0.0013, "ndcg": 0.0393, "set_P": 0.0005, "set_recall": 0.1818, "num_docs": 15083.0, "num_rels": 11.0, "num_shown": 3704.0, "num_feedback": 0.0, "rels_found": 2.0, "last_rel": 3235.0, "wss_100": 0.0, "wss_95": 0.0, "NCG@10": 0.091, "NCG@20": 0.091, "NCG@30": 0.091, "NCG@40": 0.091, "NCG@50": 0.091, "NCG@60": 0.091, "NCG@70": 0.091, "NCG@80": 0.091, "NCG@90": 0.091, "NCG@100": 0.091, "total_cost": 3704.0, "total_cost_uniform": 22324.182, "total_cost_weighted": 26373.102000000003, "norm_area": 0.158, "ap": 0.0, "r": 0.182, "loss_e": 0.049, "loss_r": 0.669, "loss_er": 0.718}, "CD008686": {"F0.5Measure": 0.004700352526439483, "F1Measure": 0.0074836295603367626, "F3Measure": 0.035555555555555556, "NNR": 212.6, "NumRet": 1062, "Precision": 0.003766478342749529, "Recall": 0.5714285714285714, "nDCG": 0.1474212298981931, "map": 0.0077, "Rprec": 0.0, "recip_rank": 0.04, "ndcg": 0.1474, "set_P": 0.0038, "set_recall": 0.5714, "num_docs": 3966.0, "num_rels": 7.0, "num_shown": 1062.0, "num_feedback": 0.0, "rels_found": 4.0, "last_rel": 809.0, "wss_100": 0.0, "wss_95": 0.0, "NCG@10": 0.14300000000000002, "NCG@20": 0.429, "NCG@30": 0.429, "NCG@40": 0.429, "NCG@50": 0.429, "NCG@60": 0.429, "NCG@70": 0.429, "NCG@80": 0.429, "NCG@90": 0.429, "NCG@100": 0.429, "total_cost": 1062.0, "total_cost_uniform": 3551.143, "total_cost_weighted": 5418.0, "norm_area": 0.503, "ap": 0.008, "r": 0.5710000000000001, "loss_e": 0.063, "loss_r": 0.184, "loss_er": 0.24600000000000002}, "CD008691": {"F0.5Measure": 0.10726643598615916, "F1Measure": 0.14903846153846154, "F3Measure": 0.31, "NNR": 10.75, "NumRet": 343, "Precision": 0.09037900874635568, "Recall": 0.4246575342465753, "nDCG": 0.3210700587018011, "map": 0.0724, "Rprec": 0.1781, "recip_rank": 0.2, "ndcg": 0.3211, "set_P": 0.0904, "set_recall": 0.4247, "num_docs": 1316.0, "num_rels": 73.0, "num_shown": 343.0, "num_feedback": 0.0, "rels_found": 31.0, "last_rel": 306.0, "wss_100": 0.0, "wss_95": 0.0, "NCG@10": 0.233, "NCG@20": 0.397, "NCG@30": 0.397, "NCG@40": 0.397, "NCG@50": 0.397, "NCG@60": 0.397, "NCG@70": 0.397, "NCG@80": 0.397, "NCG@90": 0.397, "NCG@100": 0.397, "total_cost": 343.0, "total_cost_uniform": 1462.616, "total_cost_weighted": 2289.0, "norm_area": 0.397, "ap": 0.07200000000000001, "r": 0.425, "loss_e": 0.023, "loss_r": 0.331, "loss_er": 0.354}, "CD009020": {"F0.5Measure": 0.1621271076523995, "F1Measure": 0.1972386587771203, "F3Measure": 0.27731558513588467, "NNR": 6.784313725490196, "NumRet": 345, "Precision": 0.14492753623188406, "Recall": 0.30864197530864196, "nDCG": 0.27247118888771205, "map": 0.0506, "Rprec": 0.1481, "recip_rank": 1.0, "ndcg": 0.2725, "set_P": 0.1449, "set_recall": 0.3086, "num_docs": 1584.0, "num_rels": 162.0, "num_shown": 345.0, "num_feedback": 0.0, "rels_found": 50.0, "last_rel": 343.0, "wss_100": 0.0, "wss_95": 0.0, "NCG@10": 0.142, "NCG@20": 0.253, "NCG@30": 0.253, "NCG@40": 0.253, "NCG@50": 0.253, "NCG@60": 0.253, "NCG@70": 0.253, "NCG@80": 0.253, "NCG@90": 0.253, "NCG@100": 0.253, "total_cost": 345.0, "total_cost_uniform": 2058.185, "total_cost_weighted": 2823.0, "norm_area": 0.28800000000000003, "ap": 0.051, "r": 0.309, "loss_e": 0.006999999999999999, "loss_r": 0.478, "loss_er": 0.485}, "CD009323": {"F0.5Measure": 0.08888332498748124, "F1Measure": 0.13027522935779817, "F3Measure": 0.3436592449177153, "NNR": 13.458333333333334, "NumRet": 968, "Precision": 0.07334710743801653, "Recall": 0.5819672131147541, "nDCG": 0.44638497513437175, "map": 0.0959, "Rprec": 0.1557, "recip_rank": 1.0, "ndcg": 0.4464, "set_P": 0.0733, "set_recall": 0.582, "num_docs": 3881.0, "num_rels": 122.0, "num_shown": 968.0, "num_feedback": 0.0, "rels_found": 71.0, "last_rel": 881.0, "wss_100": 0.0, "wss_95": 0.0, "NCG@10": 0.426, "NCG@20": 0.541, "NCG@30": 0.541, "NCG@40": 0.541, "NCG@50": 0.541, "NCG@60": 0.541, "NCG@70": 0.541, "NCG@80": 0.541, "NCG@90": 0.541, "NCG@100": 0.541, "total_cost": 968.0, "total_cost_uniform": 3403.4590000000003, "total_cost_weighted": 6794.0, "norm_area": 0.547, "ap": 0.096, "r": 0.5820000000000001, "loss_e": 0.013000000000000001, "loss_r": 0.175, "loss_er": 0.187}, "CD009591": {"F0.5Measure": 0.07283834586466166, "F1Measure": 0.11091234347048301, "F3Measure": 0.3659976387249114, "NNR": 16.744, "NumRet": 2092, "Precision": 0.05927342256214149, "Recall": 0.8611111111111112, "nDCG": 0.6575150165527218, "map": 0.212, "Rprec": 0.2986, "recip_rank": 1.0, "ndcg": 0.6575, "set_P": 0.0593, "set_recall": 0.8611, "num_docs": 7991.0, "num_rels": 144.0, "num_shown": 2092.0, "num_feedback": 0.0, "rels_found": 124.0, "last_rel": 2059.0, "wss_100": 0.0, "wss_95": 0.0, "NCG@10": 0.6940000000000001, "NCG@20": 0.812, "NCG@30": 0.812, "NCG@40": 0.812, "NCG@50": 0.812, "NCG@60": 0.812, "NCG@70": 0.812, "NCG@80": 0.812, "NCG@90": 0.812, "NCG@100": 0.812, "total_cost": 2092.0, "total_cost_uniform": 3730.611, "total_cost_weighted": 13889.976999999999,