{"CD007394": {"F0.5Measure": 0.06354468849288576, "F1Measure": 0.09782030834662414, "F3Measure": 0.3483528966300644, "NNR": 19.21505376344086, "NumRet": 1786, "Precision": 0.051511758118701005, "Recall": 0.968421052631579, "nDCG": 0.7382773028473717, "map": 0.3429, "Rprec": 0.4105, "recip_rank": 0.25, "ndcg": 0.7383, "set_P": 0.0515, "set_recall": 0.9684, "num_docs": 2545.0, "num_rels": 95.0, "num_shown": 1786.0, "num_feedback": 0.0, "rels_found": 92.0, "last_rel": 1374.0, "wss_100": 0.0, "wss_95": 0.596, "NCG@10": 0.705, "NCG@20": 0.853, "NCG@30": 0.9159999999999999, "NCG@40": 0.9470000000000001, "NCG@50": 0.958, "NCG@60": 0.968, "NCG@70": 0.968, "NCG@80": 0.968, "NCG@90": 0.968, "NCG@100": 0.968, "total_cost": 1786.0, "total_cost_uniform": 1833.9370000000001, "total_cost_weighted": 2924.5, "norm_area": 0.904, "ap": 0.34299999999999997, "r": 0.968, "loss_e": 0.13, "loss_r": 0.001, "loss_er": 0.131}, "CD007427": {"F0.5Measure": 0.06881268952647539, "F1Measure": 0.10137457044673538, "F3Measure": 0.2746741154562384, "NNR": 17.366666666666667, "NumRet": 1041, "Precision": 0.056676272814601344, "Recall": 0.4796747967479675, "nDCG": 0.38070511425223563, "map": 0.0985, "Rprec": 0.2195, "recip_rank": 0.2, "ndcg": 0.3807, "set_P": 0.0567, "set_recall": 0.4797, "num_docs": 1521.0, "num_rels": 123.0, "num_shown": 1041.0, "num_feedback": 0.0, "rels_found": 59.0, "last_rel": 877.0, "wss_100": 0.0, "wss_95": 0.0, "NCG@10": 0.26, "NCG@20": 0.301, "NCG@30": 0.366, "NCG@40": 0.40700000000000003, "NCG@50": 0.439, "NCG@60": 0.48, "NCG@70": 0.48, "NCG@80": 0.48, "NCG@90": 0.48, "NCG@100": 0.48, "total_cost": 1041.0, "total_cost_uniform": 1540.5120000000002, "total_cost_weighted": 2001.0, "norm_area": 0.413, "ap": 0.098, "r": 0.48, "loss_e": 0.094, "loss_r": 0.271, "loss_er": 0.365}, "CD008054": {"F0.5Measure": 0.1157139551029854, "F1Measure": 0.16906170752324595, "F3Measure": 0.4387889425186485, "NNR": 10.412935323383085, "NumRet": 2092, "Precision": 0.09560229445506692, "Recall": 0.7299270072992701, "nDCG": 0.576121889656506, "map": 0.1671, "Rprec": 0.2774, "recip_rank": 0.25, "ndcg": 0.5761, "set_P": 0.0956, "set_recall": 0.7299, "num_docs": 3217.0, "num_rels": 274.0, "num_shown": 2092.0, "num_feedback": 0.0, "rels_found": 200.0, "last_rel": 2072.0, "wss_100": 0.0, "wss_95": 0.0, "NCG@10": 0.28800000000000003, "NCG@20": 0.45299999999999996, "NCG@30": 0.551, "NCG@40": 0.617, "NCG@50": 0.679, "NCG@60": 0.7120000000000001, "NCG@70": 0.7120000000000001, "NCG@80": 0.7120000000000001, "NCG@90": 0.7120000000000001, "NCG@100": 0.7120000000000001, "total_cost": 2092.0, "total_cost_uniform": 2699.664, "total_cost_weighted": 4342.0, "norm_area": 0.613, "ap": 0.16699999999999998, "r": 0.73, "loss_e": 0.03, "loss_r": 0.073, "loss_er": 0.10300000000000001}, "CD008643": {"F0.5Measure": 0.0007105805443046971, "F1Measure": 0.0011360408974723092, "F3Measure": 0.005633273870998028, "NNR": 1507.5714285714287, "NumRet": 10552, "Precision": 0.0005686125852918878, "Recall": 0.5454545454545454, "nDCG": 0.10551640222708811, "map": 0.0004, "Rprec": 0.0, "recip_rank": 0.0013, "ndcg": 0.1055, "set_P": 0.0006, "set_recall": 0.5455, "num_docs": 15083.0, "num_rels": 11.0, "num_shown": 10552.0, "num_feedback": 0.0, "rels_found": 6.0, "last_rel": 7410.0, "wss_100": 0.0, "wss_95": 0.0, "NCG@10": 0.091, "NCG@20": 0.091, "NCG@30": 0.182, "NCG@40": 0.364, "NCG@50": 0.545, "NCG@60": 0.545, "NCG@70": 0.545, "NCG@80": 0.545, "NCG@90": 0.545, "NCG@100": 0.545, "total_cost": 10552.0, "total_cost_uniform": 14671.091, "total_cost_weighted": 19047.625, "norm_area": 0.375, "ap": 0.0, "r": 0.545, "loss_e": 0.397, "loss_r": 0.207, "loss_er": 0.604}, "CD008686": {"F0.5Measure": 0.002106682396561894, "F1Measure": 0.003364737550471063, "F3Measure": 0.01651254953764861, "NNR": 494.3333333333333, "NumRet": 2965, "Precision": 0.0016863406408094434, "Recall": 0.7142857142857143, "nDCG": 0.17357557980588595, "map": 0.0082, "Rprec": 0.0, "recip_rank": 0.04, "ndcg": 0.1736, "set_P": 0.0017, "set_recall": 0.7143, "num_docs": 3966.0, "num_rels": 7.0, "num_shown": 2965.0, "num_feedback": 0.0, "rels_found": 5.0, "last_rel": 1457.0, "wss_100": 0.0, "wss_95": 0.0, "NCG@10": 0.14300000000000002, "NCG@20": 0.429, "NCG@30": 0.5710000000000001, "NCG@40": 0.7140000000000001, "NCG@50": 0.7140000000000001, "NCG@60": 0.7140000000000001, "NCG@70": 0.7140000000000001, "NCG@80": 0.7140000000000001, "NCG@90": 0.7140000000000001, "NCG@100": 0.7140000000000001, "total_cost": 2965.0, "total_cost_uniform": 3537.0, "total_cost_weighted": 3966.0, "norm_area": 0.593, "ap": 0.008, "r": 0.7140000000000001, "loss_e": 0.488, "loss_r": 0.08199999999999999, "loss_er": 0.57}, "CD008691": {"F0.5Measure": 0.08532423208191126, "F1Measure": 0.12909632571996027, "F3Measure": 0.40854808296668754, "NNR": 14.166666666666666, "NumRet": 934, "Precision": 0.069593147751606, "Recall": 0.8904109589041096, "nDCG": 0.54175110179034, "map": 0.1098, "Rprec": 0.1781, "recip_rank": 0.2, "ndcg": 0.5418, "set_P": 0.0696, "set_recall": 0.8904, "num_docs": 1316.0, "num_rels": 73.0, "num_shown": 934.0, "num_feedback": 0.0, "rels_found": 65.0, "last_rel": 921.0, "wss_100": 0.0, "wss_95": 0.0, "NCG@10": 0.233, "NCG@20": 0.397, "NCG@30": 0.466, "NCG@40": 0.575, "NCG@50": 0.7120000000000001, "NCG@60": 0.795, "NCG@70": 0.877, "NCG@80": 0.877, "NCG@90": 0.877, "NCG@100": 0.877, "total_cost": 934.0, "total_cost_uniform": 1017.7260000000001, "total_cost_weighted": 1692.031, "norm_area": 0.653, "ap": 0.11, "r": 0.89, "loss_e": 0.168, "loss_r": 0.012, "loss_er": 0.18}, "CD009020": {"F0.5Measure": 0.15430677107323815, "F1Measure": 0.2220381110190555, "F3Measure": 0.5353575709149022, "NNR": 7.7481481481481485, "NumRet": 1045, "Precision": 0.12822966507177033, "Recall": 0.8271604938271605, "nDCG": 0.5771286464470743, "map": 0.1246, "Rprec": 0.1481, "recip_rank": 1.0, "ndcg": 0.5771, "set_P": 0.1282, "set_recall": 0.8272, "num_docs": 1584.0, "num_rels": 162.0, "num_shown": 1045.0, "num_feedback": 0.0, "rels_found": 134.0, "last_rel": 1029.0, "wss_100": 0.0, "wss_95": 0.0, "NCG@10": 0.142, "NCG@20": 0.253, "NCG@30": 0.43799999999999994, "NCG@40": 0.562, "NCG@50": 0.654, "NCG@60": 0.759, "NCG@70": 0.759, "NCG@80": 0.759, "NCG@90": 0.759, "NCG@100": 0.759, "total_cost": 1045.0, "total_cost_uniform": 1231.3210000000001, "total_cost_weighted": 2123.0, "norm_area": 0.607, "ap": 0.125, "r": 0.8270000000000001, "loss_e": 0.063, "loss_r": 0.03, "loss_er": 0.09300000000000001}, "CD009323": {"F0.5Measure": 0.042518545322960025, "F1Measure": 0.06584938704028022, "F3Measure": 0.24536674497520233, "NNR": 28.778947368421054, "NumRet": 2733, "Precision": 0.034394438346139776, "Recall": 0.7704918032786885, "nDCG": 0.5360144928381722, "map": 0.106, "Rprec": 0.1557, "recip_rank": 1.0, "ndcg": 0.536, "set_P": 0.0344, "set_recall": 0.7705, "num_docs": 3881.0, "num_rels": 122.0, "num_shown": 2733.0, "num_feedback": 0.0, "rels_found": 94.0, "last_rel": 2465.0, "wss_100": 0.0, "wss_95": 0.0, "NCG@10": 0.426, "NCG@20": 0.541, "NCG@30": 0.615, "NCG@40": 0.672, "NCG@50": 0.73, "NCG@60": 0.746, "NCG@70": 0.77, "NCG@80": 0.77, "NCG@90": 0.77, "NCG@100": 0.77, "total_cost": 2733.0, "total_cost_uniform": 3259.9509999999996, "total_cost_weighted": 5029.0, "norm_area": 0.657, "ap": 0.106, "r": 0.77, "loss_e": 0.10099999999999999, "loss_r": 0.053, "loss_er": 0.153}, "CD009591": {"F0.5Measure": 0.030920256011070752, "F1Measure": 0.04856512141280353, "F3Measure": 0.20309615111489848, "NNR": 39.90277777777778, "NumRet": 5745, "Precision": 0.024891209747606613, "Recall": 0.9930555555555556, "nDCG": 0.7174161684856624, "map": 0.2176, "Rprec": 0.2986, "recip_rank": 1.0, "ndcg": 0.7174, "set_P": 0.0249, "set_recall": 0.9931, "num_docs": 7991.0, "num_rels": 144.0, "num_shown": 5745.0, "num_feedback": 0.0, "rels_found": 143.0, "last_rel": 4560.0, "wss_100": 0.0, "wss_95": 0.5, "NCG@10": 0.6940000000000001, "NCG@20": 0.812, "NCG@30": 0.889, "NCG@40": 0.924, "NCG@50": 0.965, "NCG@60": 0.993, "NCG@70": 0.993, "NCG@80": 0.993,