{"CD007394": {"F0.5Measure": 0.050935666039198316, "F1Measure": 0.0790038643194504, "F3Measure": 0.29783101327290384, "NNR": 24.032258064516128, "NumRet": 2234, "Precision": 0.04118173679498657, "Recall": 0.968421052631579, "nDCG": 0.7382773028473717, "map": 0.3429, "Rprec": 0.4105, "recip_rank": 0.25, "ndcg": 0.7383, "set_P": 0.0412, "set_recall": 0.9684, "num_docs": 2545.0, "num_rels": 95.0, "num_shown": 2234.0, "num_feedback": 0.0, "rels_found": 92.0, "last_rel": 1374.0, "wss_100": 0.0, "wss_95": 0.596, "NCG@10": 0.705, "NCG@20": 0.853, "NCG@30": 0.9159999999999999, "NCG@40": 0.9470000000000001, "NCG@50": 0.958, "NCG@60": 0.968, "NCG@70": 0.968, "NCG@80": 0.968, "NCG@90": 0.968, "NCG@100": 0.968, "total_cost": 2234.0, "total_cost_uniform": 2253.6420000000003, "total_cost_weighted": 2700.5, "norm_area": 0.904, "ap": 0.34299999999999997, "r": 0.968, "loss_e": 0.203, "loss_r": 0.001, "loss_er": 0.204}, "CD007427": {"F0.5Measure": 0.056137012369172214, "F1Measure": 0.08392603129445235, "F3Measure": 0.24686192468619245, "NNR": 21.4, "NumRet": 1283, "Precision": 0.04598597038191738, "Recall": 0.4796747967479675, "nDCG": 0.38070511425223563, "map": 0.0985, "Rprec": 0.2195, "recip_rank": 0.2, "ndcg": 0.3807, "set_P": 0.046, "set_recall": 0.4797, "num_docs": 1521.0, "num_rels": 123.0, "num_shown": 1283.0, "num_feedback": 0.0, "rels_found": 59.0, "last_rel": 877.0, "wss_100": 0.0, "wss_95": 0.0, "NCG@10": 0.26, "NCG@20": 0.301, "NCG@30": 0.366, "NCG@40": 0.40700000000000003, "NCG@50": 0.439, "NCG@60": 0.48, "NCG@70": 0.48, "NCG@80": 0.48, "NCG@90": 0.48, "NCG@100": 0.48, "total_cost": 1283.0, "total_cost_uniform": 1530.675, "total_cost_weighted": 1759.0, "norm_area": 0.413, "ap": 0.098, "r": 0.48, "loss_e": 0.14300000000000002, "loss_r": 0.271, "loss_er": 0.414}, "CD008054": {"F0.5Measure": 0.09334783396773609, "F1Measure": 0.13900134952766532, "F3Measure": 0.3995345228859581, "NNR": 13, "NumRet": 2690, "Precision": 0.07657992565055761, "Recall": 0.7518248175182481, "nDCG": 0.5883605240420355, "map": 0.1691, "Rprec": 0.2774, "recip_rank": 0.25, "ndcg": 0.5884, "set_P": 0.0766, "set_recall": 0.7518, "num_docs": 3217.0, "num_rels": 274.0, "num_shown": 2690.0, "num_feedback": 0.0, "rels_found": 206.0, "last_rel": 2258.0, "wss_100": 0.0, "wss_95": 0.0, "NCG@10": 0.28800000000000003, "NCG@20": 0.45299999999999996, "NCG@30": 0.551, "NCG@40": 0.617, "NCG@50": 0.679, "NCG@60": 0.7120000000000001, "NCG@70": 0.745, "NCG@80": 0.752, "NCG@90": 0.752, "NCG@100": 0.752, "total_cost": 2690.0, "total_cost_uniform": 2951.577, "total_cost_weighted": 3744.0, "norm_area": 0.621, "ap": 0.16899999999999998, "r": 0.752, "loss_e": 0.05, "loss_r": 0.062, "loss_er": 0.11199999999999999}, "CD008643": {"F0.5Measure": 0.0005692275582035178, "F1Measure": 0.0009101941747572815, "F3Measure": 0.0045207956600361665, "NNR": 1882, "NumRet": 13173, "Precision": 0.0004554771122751082, "Recall": 0.5454545454545454, "nDCG": 0.10551640222708811, "map": 0.0004, "Rprec": 0.0, "recip_rank": 0.0013, "ndcg": 0.1055, "set_P": 0.0005, "set_recall": 0.5455, "num_docs": 15083.0, "num_rels": 11.0, "num_shown": 13173.0, "num_feedback": 0.0, "rels_found": 6.0, "last_rel": 7410.0, "wss_100": 0.0, "wss_95": 0.0, "NCG@10": 0.091, "NCG@20": 0.091, "NCG@30": 0.182, "NCG@40": 0.364, "NCG@50": 0.545, "NCG@60": 0.545, "NCG@70": 0.545, "NCG@80": 0.545, "NCG@90": 0.545, "NCG@100": 0.545, "total_cost": 13173.0, "total_cost_uniform": 14909.364, "total_cost_weighted": 16754.25, "norm_area": 0.375, "ap": 0.0, "r": 0.545, "loss_e": 0.619, "loss_r": 0.207, "loss_er": 0.826}, "CD008686": {"F0.5Measure": 0.00170543693294222, "F1Measure": 0.0027247956403269754, "F3Measure": 0.013419216317767043, "NNR": 610.6666666666666, "NumRet": 3663, "Precision": 0.001365001365001365, "Recall": 0.7142857142857143, "nDCG": 0.17357557980588595, "map": 0.0082, "Rprec": 0.0, "recip_rank": 0.04, "ndcg": 0.1736, "set_P": 0.0014, "set_recall": 0.7143, "num_docs": 3966.0, "num_rels": 7.0, "num_shown": 3663.0, "num_feedback": 0.0, "rels_found": 5.0, "last_rel": 1457.0, "wss_100": 0.0, "wss_95": 0.0, "NCG@10": 0.14300000000000002, "NCG@20": 0.429, "NCG@30": 0.5710000000000001, "NCG@40": 0.7140000000000001, "NCG@50": 0.7140000000000001, "NCG@60": 0.7140000000000001, "NCG@70": 0.7140000000000001, "NCG@80": 0.7140000000000001, "NCG@90": 0.7140000000000001, "NCG@100": 0.7140000000000001, "total_cost": 3663.0, "total_cost_uniform": 3836.143, "total_cost_weighted": 3966.0, "norm_area": 0.593, "ap": 0.008, "r": 0.7140000000000001, "loss_e": 0.745, "loss_r": 0.08199999999999999, "loss_er": 0.8270000000000001}, "CD008691": {"F0.5Measure": 0.07144380464917893, "F1Measure": 0.10920945395273024, "F3Measure": 0.3699613473219216, "NNR": 16.985294117647058, "NumRet": 1154, "Precision": 0.05805892547660312, "Recall": 0.9178082191780822, "nDCG": 0.5537155871677283, "map": 0.1116, "Rprec": 0.1781, "recip_rank": 0.2, "ndcg": 0.5537, "set_P": 0.0581, "set_recall": 0.9178, "num_docs": 1316.0, "num_rels": 73.0, "num_shown": 1154.0, "num_feedback": 0.0, "rels_found": 67.0, "last_rel": 1060.0, "wss_100": 0.0, "wss_95": 0.0, "NCG@10": 0.233, "NCG@20": 0.397, "NCG@30": 0.466, "NCG@40": 0.575, "NCG@50": 0.7120000000000001, "NCG@60": 0.795, "NCG@70": 0.877, "NCG@80": 0.904, "NCG@90": 0.904, "NCG@100": 0.904, "total_cost": 1154.0, "total_cost_uniform": 1180.63, "total_cost_weighted": 1467.875, "norm_area": 0.66, "ap": 0.11199999999999999, "r": 0.9179999999999999, "loss_e": 0.257, "loss_r": 0.006999999999999999, "loss_er": 0.264}, "CD009020": {"F0.5Measure": 0.1355258402602096, "F1Measure": 0.19933554817275748, "F3Measure": 0.535523027490182, "NNR": 8.900662251655628, "NumRet": 1343, "Precision": 0.11169024571854058, "Recall": 0.9259259259259259, "nDCG": 0.6298704535467148, "map": 0.1367, "Rprec": 0.1481, "recip_rank": 1.0, "ndcg": 0.6299, "set_P": 0.1117, "set_recall": 0.9259, "num_docs": 1584.0, "num_rels": 162.0, "num_shown": 1343.0, "num_feedback": 0.0, "rels_found": 150.0, "last_rel": 1342.0, "wss_100": 0.0, "wss_95": 0.0, "NCG@10": 0.142, "NCG@20": 0.253, "NCG@30": 0.43799999999999994, "NCG@40": 0.562, "NCG@50": 0.654, "NCG@60": 0.759, "NCG@70": 0.8640000000000001, "NCG@80": 0.895, "NCG@90": 0.895, "NCG@100": 0.895, "total_cost": 1343.0, "total_cost_uniform": 1378.704, "total_cost_weighted": 1824.765, "norm_area": 0.633, "ap": 0.13699999999999998, "r": 0.9259999999999999, "loss_e": 0.105, "loss_r": 0.005, "loss_er": 0.11}, "CD009323": {"F0.5Measure": 0.03544803391317059, "F1Measure": 0.055239179954441914, "F3Measure": 0.2161319073083779, "NNR": 34.60204081632653, "NumRet": 3390, "Precision": 0.028613569321533923, "Recall": 0.7950819672131147, "nDCG": 0.5467524605691442, "map": 0.1068, "Rprec": 0.1557, "recip_rank": 1.0, "ndcg": 0.5468, "set_P": 0.0286, "set_recall": 0.7951, "num_docs": 3881.0, "num_rels": 122.0, "num_shown": 3390.0, "num_feedback": 0.0, "rels_found": 97.0, "last_rel": 3166.0, "wss_100": 0.0, "wss_95": 0.0, "NCG@10": 0.426, "NCG@20": 0.541, "NCG@30": 0.615, "NCG@40": 0.672, "NCG@50": 0.73, "NCG@60": 0.746, "NCG@70": 0.77, "NCG@80": 0.779, "NCG@90": 0.779, "NCG@100": 0.779, "total_cost": 3390.0, "total_cost_uniform": 3591.23, "total_cost_weighted": 4372.0, "norm_area": 0.6629999999999999, "ap": 0.107, "r": 0.795, "loss_e": 0.155, "loss_r": 0.042, "loss_er": 0.19699999999999998}, "CD009591": {"F0.5Measure": 0.025147720877884076, "F1Measure": 0.039634146341463415, "F3Measure": 0.17088910133843216, "NNR": 49.11805555555556, "NumRet": 7072, "Precision": 0.02022058823529412, "Recall": 0.9930555555555556, "nDCG": 0.7174161684856624, "map": 0.2176, "Rprec": 0.2986, "recip_rank": 1.0, "ndcg": 0.7174, "set_P": 0.0202, "set_recall": 0.9931, "num_docs": 7991.0, "num_rels": 144.0, "num_shown": 7072.0, "num_feedback": 0.0, "rels_found": 143.0, "last_rel": 4560.0, "wss_100": 0.0, "wss_95": 0.5, "NCG@10": 0.6940000000000001, "NCG@20": 0.812, "NCG@30": 0.889, "NCG@40": 0.924, "NCG@50": 0.965, "NCG@60": 0.993, "NCG@70": 0.993, "NCG@80": 0.993, "NCG@90": 0.993,