{"CD007394": {"F0.5Measure": 0.2445141065830721, "F1Measure": 0.33191489361702126, "F3Measure": 0.6341463414634146, "NNR": 4.7594936708860756, "NumRet": 375, "Precision": 0.208, "Recall": 0.8210526315789474, "nDCG": 0.6641580139917675, "map": 0.3232, "Rprec": 0.4105, "recip_rank": 0.25, "ndcg": 0.6642, "set_P": 0.208, "set_recall": 0.8211, "num_docs": 2545.0, "num_rels": 95.0, "num_shown": 375.0, "num_feedback": 0.0, "rels_found": 78.0, "last_rel": 373.0, "wss_100": 0.0, "wss_95": 0.0, "NCG@10": 0.705, "NCG@20": 0.705, "NCG@30": 0.705, "NCG@40": 0.705, "NCG@50": 0.705, "NCG@60": 0.705, "NCG@70": 0.705, "NCG@80": 0.705, "NCG@90": 0.705, "NCG@100": 0.705, "total_cost": 375.0, "total_cost_uniform": 1151.632, "total_cost_weighted": 4714.934, "norm_area": 0.795, "ap": 0.32299999999999995, "r": 0.821, "loss_e": 0.006, "loss_r": 0.032, "loss_er": 0.038}, "CD007427": {"F0.5Measure": 0.1592356687898089, "F1Measure": 0.19073569482288827, "F3Measure": 0.25906735751295334, "NNR": 6.805555555555555, "NumRet": 244, "Precision": 0.14344262295081966, "Recall": 0.2845528455284553, "nDCG": 0.2708879774571515, "map": 0.0804, "Rprec": 0.2195, "recip_rank": 0.2, "ndcg": 0.2709, "set_P": 0.1434, "set_recall": 0.2846, "num_docs": 1521.0, "num_rels": 123.0, "num_shown": 244.0, "num_feedback": 0.0, "rels_found": 35.0, "last_rel": 188.0, "wss_100": 0.0, "wss_95": 0.0, "NCG@10": 0.26, "NCG@20": 0.26, "NCG@30": 0.26, "NCG@40": 0.26, "NCG@50": 0.26, "NCG@60": 0.26, "NCG@70": 0.26, "NCG@80": 0.26, "NCG@90": 0.26, "NCG@100": 0.26, "total_cost": 244.0, "total_cost_uniform": 2071.252, "total_cost_weighted": 2798.0, "norm_area": 0.28300000000000003, "ap": 0.08, "r": 0.285, "loss_e": 0.005, "loss_r": 0.512, "loss_er": 0.517}, "CD008054": {"F0.5Measure": 0.22971652003910067, "F1Measure": 0.2622036262203626, "F3Measure": 0.3231350979718116, "NNR": 4.673684210526316, "NumRet": 443, "Precision": 0.21218961625282168, "Recall": 0.34306569343065696, "nDCG": 0.33207718575943357, "map": 0.1057, "Rprec": 0.2774, "recip_rank": 0.25, "ndcg": 0.3321, "set_P": 0.2122, "set_recall": 0.3431, "num_docs": 3217.0, "num_rels": 274.0, "num_shown": 443.0, "num_feedback": 0.0, "rels_found": 94.0, "last_rel": 442.0, "wss_100": 0.0, "wss_95": 0.0, "NCG@10": 0.28800000000000003, "NCG@20": 0.28800000000000003, "NCG@30": 0.28800000000000003, "NCG@40": 0.28800000000000003, "NCG@50": 0.28800000000000003, "NCG@60": 0.28800000000000003, "NCG@70": 0.28800000000000003, "NCG@80": 0.28800000000000003, "NCG@90": 0.28800000000000003, "NCG@100": 0.28800000000000003, "total_cost": 443.0, "total_cost_uniform": 4087.672, "total_cost_weighted": 5991.0, "norm_area": 0.33899999999999997, "ap": 0.106, "r": 0.34299999999999997, "loss_e": 0.001, "loss_r": 0.43200000000000005, "loss_er": 0.433}, "CD008643": {"F0.5Measure": 0.000526592943654555, "F1Measure": 0.0008396305625524769, "F3Measure": 0.004048582995951417, "NNR": 1186, "NumRet": 2371, "Precision": 0.00042176296921130323, "Recall": 0.09090909090909091, "nDCG": 0.021550624836105, "map": 0.0001, "Rprec": 0.0, "recip_rank": 0.0013, "ndcg": 0.0216, "set_P": 0.0004, "set_recall": 0.0909, "num_docs": 15083.0, "num_rels": 11.0, "num_shown": 2371.0, "num_feedback": 0.0, "rels_found": 1.0, "last_rel": 787.0, "wss_100": 0.0, "wss_95": 0.0, "NCG@10": 0.091, "NCG@20": 0.091, "NCG@30": 0.091, "NCG@40": 0.091, "NCG@50": 0.091, "NCG@60": 0.091, "NCG@70": 0.091, "NCG@80": 0.091, "NCG@90": 0.091, "NCG@100": 0.091, "total_cost": 2371.0, "total_cost_uniform": 25483.727000000003, "total_cost_weighted": 27745.343999999997, "norm_area": 0.086, "ap": 0.0, "r": 0.091, "loss_e": 0.02, "loss_r": 0.826, "loss_er": 0.847}, "CD008686": {"F0.5Measure": 0.005500550055005501, "F1Measure": 0.008733624454148471, "F3Measure": 0.040376850605652756, "NNR": 170.25, "NumRet": 680, "Precision": 0.004411764705882353, "Recall": 0.42857142857142855, "nDCG": 0.11897135968458535, "map": 0.007, "Rprec": 0.0, "recip_rank": 0.04, "ndcg": 0.119, "set_P": 0.0044, "set_recall": 0.4286, "num_docs": 3966.0, "num_rels": 7.0, "num_shown": 680.0, "num_feedback": 0.0, "rels_found": 3.0, "last_rel": 570.0, "wss_100": 0.0, "wss_95": 0.0, "NCG@10": 0.14300000000000002, "NCG@20": 0.14300000000000002, "NCG@30": 0.14300000000000002, "NCG@40": 0.14300000000000002, "NCG@50": 0.14300000000000002, "NCG@60": 0.14300000000000002, "NCG@70": 0.14300000000000002, "NCG@80": 0.14300000000000002, "NCG@90": 0.14300000000000002, "NCG@100": 0.14300000000000002, "total_cost": 680.0, "total_cost_uniform": 4435.429, "total_cost_weighted": 6430.5, "norm_area": 0.389, "ap": 0.006999999999999999, "r": 0.429, "loss_e": 0.026000000000000002, "loss_r": 0.327, "loss_er": 0.35200000000000004}, "CD008691": {"F0.5Measure": 0.13989637305699484, "F1Measure": 0.18243243243243243, "F3Measure": 0.3068181818181818, "NNR": 8, "NumRet": 223, "Precision": 0.1210762331838565, "Recall": 0.3698630136986301, "nDCG": 0.2916826388158188, "map": 0.0666, "Rprec": 0.1781, "recip_rank": 0.2, "ndcg": 0.2917, "set_P": 0.1211, "set_recall": 0.3699, "num_docs": 1316.0, "num_rels": 73.0, "num_shown": 223.0, "num_feedback": 0.0, "rels_found": 27.0, "last_rel": 218.0, "wss_100": 0.0, "wss_95": 0.0, "NCG@10": 0.233, "NCG@20": 0.233, "NCG@30": 0.233, "NCG@40": 0.233, "NCG@50": 0.233, "NCG@60": 0.233, "NCG@70": 0.233, "NCG@80": 0.233, "NCG@90": 0.233, "NCG@100": 0.233, "total_cost": 223.0, "total_cost_uniform": 1600.479, "total_cost_weighted": 2409.0, "norm_area": 0.353, "ap": 0.067, "r": 0.37, "loss_e": 0.01, "loss_r": 0.397, "loss_er": 0.40700000000000003}, "CD009020": {"F0.5Measure": 0.14132553606237816, "F1Measure": 0.15343915343915343, "F3Measure": 0.17323775388291518, "NNR": 7.233333333333333, "NumRet": 216, "Precision": 0.13425925925925927, "Recall": 0.17901234567901234, "nDCG": 0.1862377150539338, "map": 0.0329, "Rprec": 0.1481, "recip_rank": 1.0, "ndcg": 0.1862, "set_P": 0.1343, "set_recall": 0.179, "num_docs": 1584.0, "num_rels": 162.0, "num_shown": 216.0, "num_feedback": 0.0, "rels_found": 29.0, "last_rel": 216.0, "wss_100": 0.0, "wss_95": 0.0, "NCG@10": 0.142, "NCG@20": 0.142, "NCG@30": 0.142, "NCG@40": 0.142, "NCG@50": 0.142, "NCG@60": 0.142, "NCG@70": 0.142, "NCG@80": 0.142, "NCG@90": 0.142, "NCG@100": 0.142, "total_cost": 216.0, "total_cost_uniform": 2462.222, "total_cost_weighted": 2952.0, "norm_area": 0.177, "ap": 0.033, "r": 0.179, "loss_e": 0.003, "loss_r": 0.674, "loss_er": 0.677}, "CD009323": {"F0.5Measure": 0.11950655358519661, "F1Measure": 0.16756756756756758, "F3Measure": 0.36130536130536134, "NNR": 9.825396825396826, "NumRet": 618, "Precision": 0.10032362459546926, "Recall": 0.5081967213114754, "nDCG": 0.4073774623328346, "map": 0.0893, "Rprec": 0.1557, "recip_rank": 1.0, "ndcg": 0.4074, "set_P": 0.1003, "set_recall": 0.5082, "num_docs": 3881.0, "num_rels": 122.0, "num_shown": 618.0, "num_feedback": 0.0, "rels_found": 62.0, "last_rel": 606.0, "wss_100": 0.0, "wss_95": 0.0, "NCG@10": 0.426, "NCG@20": 0.426, "NCG@30": 0.426, "NCG@40": 0.426, "NCG@50": 0.426, "NCG@60": 0.426, "NCG@70": 0.426, "NCG@80": 0.426, "NCG@90": 0.426, "NCG@100": 0.426, "total_cost": 618.0, "total_cost_uniform": 3827.508, "total_cost_weighted": 7144.0, "norm_area": 0.486, "ap": 0.08900000000000001, "r": 0.508, "loss_e": 0.005, "loss_r": 0.242, "loss_er": 0.247}, "CD009591": {"F0.5Measure": 0.10499637943519188, "F1Measure": 0.15580926796507724, "F3Measure": 0.43922756531616813, "NNR": 11.504273504273504, "NumRet": 1345, "Precision": 0.0862453531598513, "Recall": 0.8055555555555556, "nDCG": 0.6304258048536356, "map": 0.2083, "Rprec": 0.2986, "recip_rank": 1.0, "ndcg": 0.6304, "set_P": 0.0862, "set_recall": 0.8056, "num_docs": 7991.0, "num_rels": 144.0, "num_shown": 1345.0, "num_feedback": 0.0, "rels_found": 116.0, "last_rel": 1237.0, "wss_100": 0.0, "wss_95": 0.0, "NCG@10": 0.6940000000000001, "NCG@20": 0.6940000000000001, "NCG@30": 0.6940000000000001, "NCG@40": 0.6940000000000001, "NCG@50": 0.6940000000000001, "NCG@60": 0.6940000000000001, "NCG@70": 0.6940000000000001,