{"CD007394": {"F0.5Measure": 0.19980266403552047, "F1Measure": 0.28027681660899656, "F3Measure": 0.6053811659192824, "NNR": 5.902439024390244, "NumRet": 483, "Precision": 0.16770186335403728, "Recall": 0.8526315789473684, "nDCG": 0.6812075751615699, "map": 0.3292, "Rprec": 0.4105, "recip_rank": 0.25, "ndcg": 0.6812, "set_P": 0.1677, "set_recall": 0.8526, "num_docs": 2545.0, "num_rels": 95.0, "num_shown": 483.0, "num_feedback": 0.0, "rels_found": 81.0, "last_rel": 483.0, "wss_100": 0.0, "wss_95": 0.0, "NCG@10": 0.705, "NCG@20": 0.705, "NCG@30": 0.705, "NCG@40": 0.705, "NCG@50": 0.705, "NCG@60": 0.705, "NCG@70": 0.705, "NCG@80": 0.705, "NCG@90": 0.705, "NCG@100": 0.705, "total_cost": 483.0, "total_cost_uniform": 1090.747, "total_cost_weighted": 4606.497, "norm_area": 0.8220000000000001, "ap": 0.32899999999999996, "r": 0.853, "loss_e": 0.009000000000000001, "loss_r": 0.022000000000000002, "loss_er": 0.031}, "CD007427": {"F0.5Measure": 0.13533284564740308, "F1Measure": 0.17050691244239632, "F3Measure": 0.26093088857545843, "NNR": 8.210526315789474, "NumRet": 311, "Precision": 0.1189710610932476, "Recall": 0.3008130081300813, "nDCG": 0.28096609698327646, "map": 0.0824, "Rprec": 0.2195, "recip_rank": 0.2, "ndcg": 0.281, "set_P": 0.119, "set_recall": 0.3008, "num_docs": 1521.0, "num_rels": 123.0, "num_shown": 311.0, "num_feedback": 0.0, "rels_found": 37.0, "last_rel": 287.0, "wss_100": 0.0, "wss_95": 0.0, "NCG@10": 0.26, "NCG@20": 0.301, "NCG@30": 0.301, "NCG@40": 0.301, "NCG@50": 0.301, "NCG@60": 0.301, "NCG@70": 0.301, "NCG@80": 0.301, "NCG@90": 0.301, "NCG@100": 0.301, "total_cost": 311.0, "total_cost_uniform": 2003.033, "total_cost_weighted": 2731.0, "norm_area": 0.297, "ap": 0.08199999999999999, "r": 0.301, "loss_e": 0.008, "loss_r": 0.489, "loss_er": 0.49700000000000005}, "CD008054": {"F0.5Measure": 0.22191673212882956, "F1Measure": 0.2684085510688836, "F3Measure": 0.3724456163480554, "NNR": 4.991228070175438, "NumRet": 568, "Precision": 0.198943661971831, "Recall": 0.4124087591240876, "nDCG": 0.379924411162296, "map": 0.1199, "Rprec": 0.2774, "recip_rank": 0.25, "ndcg": 0.3799, "set_P": 0.1989, "set_recall": 0.4124, "num_docs": 3217.0, "num_rels": 274.0, "num_shown": 568.0, "num_feedback": 0.0, "rels_found": 113.0, "last_rel": 568.0, "wss_100": 0.0, "wss_95": 0.0, "NCG@10": 0.28800000000000003, "NCG@20": 0.28800000000000003, "NCG@30": 0.28800000000000003, "NCG@40": 0.28800000000000003, "NCG@50": 0.28800000000000003, "NCG@60": 0.28800000000000003, "NCG@70": 0.28800000000000003, "NCG@80": 0.28800000000000003, "NCG@90": 0.28800000000000003, "NCG@100": 0.28800000000000003, "total_cost": 568.0, "total_cost_uniform": 3681.058, "total_cost_weighted": 5866.0, "norm_area": 0.4, "ap": 0.12, "r": 0.41200000000000003, "loss_e": 0.002, "loss_r": 0.345, "loss_er": 0.34700000000000003}, "CD008643": {"F0.5Measure": 0.00041230312525768946, "F1Measure": 0.0006578947368421052, "F3Measure": 0.0031969309462915605, "NNR": 1515, "NumRet": 3029, "Precision": 0.0003301419610432486, "Recall": 0.09090909090909091, "nDCG": 0.021550624836105, "map": 0.0001, "Rprec": 0.0, "recip_rank": 0.0013, "ndcg": 0.0216, "set_P": 0.0003, "set_recall": 0.0909, "num_docs": 15083.0, "num_rels": 11.0, "num_shown": 3029.0, "num_feedback": 0.0, "rels_found": 1.0, "last_rel": 787.0, "wss_100": 0.0, "wss_95": 0.0, "NCG@10": 0.091, "NCG@20": 0.091, "NCG@30": 0.091, "NCG@40": 0.091, "NCG@50": 0.091, "NCG@60": 0.091, "NCG@70": 0.091, "NCG@80": 0.091, "NCG@90": 0.091, "NCG@100": 0.091, "total_cost": 3029.0, "total_cost_uniform": 24945.363999999998, "total_cost_weighted": 27089.914, "norm_area": 0.086, "ap": 0.0, "r": 0.091, "loss_e": 0.033, "loss_r": 0.826, "loss_er": 0.8590000000000001}, "CD008686": {"F0.5Measure": 0.005742176284811944, "F1Measure": 0.0091324200913242, "F3Measure": 0.04291845493562231, "NNR": 174, "NumRet": 869, "Precision": 0.004602991944764097, "Recall": 0.5714285714285714, "nDCG": 0.1474212298981931, "map": 0.0077, "Rprec": 0.0, "recip_rank": 0.04, "ndcg": 0.1474, "set_P": 0.0046, "set_recall": 0.5714, "num_docs": 3966.0, "num_rels": 7.0, "num_shown": 869.0, "num_feedback": 0.0, "rels_found": 4.0, "last_rel": 809.0, "wss_100": 0.0, "wss_95": 0.0, "NCG@10": 0.14300000000000002, "NCG@20": 0.429, "NCG@30": 0.429, "NCG@40": 0.429, "NCG@50": 0.429, "NCG@60": 0.429, "NCG@70": 0.429, "NCG@80": 0.429, "NCG@90": 0.429, "NCG@100": 0.429, "total_cost": 869.0, "total_cost_uniform": 3523.571, "total_cost_weighted": 5514.5, "norm_area": 0.503, "ap": 0.008, "r": 0.5710000000000001, "loss_e": 0.042, "loss_r": 0.184, "loss_er": 0.226}, "CD008691": {"F0.5Measure": 0.12073272273105742, "F1Measure": 0.16338028169014082, "F3Measure": 0.30883919062832793, "NNR": 9.433333333333334, "NumRet": 282, "Precision": 0.10283687943262411, "Recall": 0.3972602739726027, "nDCG": 0.3066003062574465, "map": 0.0696, "Rprec": 0.1781, "recip_rank": 0.2, "ndcg": 0.3066, "set_P": 0.1028, "set_recall": 0.3973, "num_docs": 1316.0, "num_rels": 73.0, "num_shown": 282.0, "num_feedback": 0.0, "rels_found": 29.0, "last_rel": 260.0, "wss_100": 0.0, "wss_95": 0.0, "NCG@10": 0.233, "NCG@20": 0.397, "NCG@30": 0.397, "NCG@40": 0.397, "NCG@50": 0.397, "NCG@60": 0.397, "NCG@70": 0.397, "NCG@80": 0.397, "NCG@90": 0.397, "NCG@100": 0.397, "total_cost": 282.0, "total_cost_uniform": 1528.4660000000001, "total_cost_weighted": 2350.0, "norm_area": 0.375, "ap": 0.07, "r": 0.397, "loss_e": 0.015, "loss_r": 0.363, "loss_er": 0.379}, "CD009020": {"F0.5Measure": 0.14084507042253522, "F1Measure": 0.16326530612244897, "F3Measure": 0.20725388601036268, "NNR": 7.5675675675675675, "NumRet": 279, "Precision": 0.12903225806451613, "Recall": 0.2222222222222222, "nDCG": 0.2158949207948817, "map": 0.0388, "Rprec": 0.1481, "recip_rank": 1.0, "ndcg": 0.2159, "set_P": 0.129, "set_recall": 0.2222, "num_docs": 1584.0, "num_rels": 162.0, "num_shown": 279.0, "num_feedback": 0.0, "rels_found": 36.0, "last_rel": 269.0, "wss_100": 0.0, "wss_95": 0.0, "NCG@10": 0.142, "NCG@20": 0.142, "NCG@30": 0.142, "NCG@40": 0.142, "NCG@50": 0.142, "NCG@60": 0.142, "NCG@70": 0.142, "NCG@80": 0.142, "NCG@90": 0.142, "NCG@100": 0.142, "total_cost": 279.0, "total_cost_uniform": 2309.0, "total_cost_weighted": 2889.0, "norm_area": 0.215, "ap": 0.039, "r": 0.222, "loss_e": 0.005, "loss_r": 0.605, "loss_er": 0.609}, "CD009323": {"F0.5Measure": 0.10346926354230067, "F1Measure": 0.14895947426067904, "F3Measure": 0.35997882477501325, "NNR": 11.478260869565217, "NumRet": 791, "Precision": 0.08596713021491782, "Recall": 0.5573770491803278, "nDCG": 0.4335907587423293, "map": 0.0939, "Rprec": 0.1557, "recip_rank": 1.0, "ndcg": 0.4336, "set_P": 0.086, "set_recall": 0.5574, "num_docs": 3881.0, "num_rels": 122.0, "num_shown": 791.0, "num_feedback": 0.0, "rels_found": 68.0, "last_rel": 790.0, "wss_100": 0.0, "wss_95": 0.0, "NCG@10": 0.426, "NCG@20": 0.541, "NCG@30": 0.541, "NCG@40": 0.541, "NCG@50": 0.541, "NCG@60": 0.541, "NCG@70": 0.541, "NCG@80": 0.541, "NCG@90": 0.541, "NCG@100": 0.541, "total_cost": 791.0, "total_cost_uniform": 3526.41, "total_cost_weighted": 6971.0, "norm_area": 0.527, "ap": 0.094, "r": 0.557, "loss_e": 0.008, "loss_r": 0.196, "loss_er": 0.204}, "CD009591": {"F0.5Measure": 0.08495145631067962, "F1Measure": 0.12802582033351265, "F3Measure": 0.39521753570242446, "NNR": 14.3, "NumRet": 1715, "Precision": 0.06938775510204082, "Recall": 0.8263888888888888, "nDCG": 0.6407656220342481, "map": 0.2098, "Rprec": 0.2986, "recip_rank": 1.0, "ndcg": 0.6408, "set_P": 0.0694, "set_recall": 0.8264, "num_docs": 7991.0, "num_rels": 144.0, "num_shown": 1715.0, "num_feedback": 0.0, "rels_found": 119.0, "last_rel": 1665.0, "wss_100": 0.0, "wss_95": 0.0, "NCG@10": 0.6940000000000001, "NCG@20": 0.812, "NCG@30": 0.812, "NCG@40": 0.812, "NCG@50": 0.812, "NCG@60": 0.812, "NCG@70": 0.812, "NCG@80": 0.812, "NCG@90": 0.812, "NCG@100": 0.812, "total_cost": 1715.0, "total_cost_uniform": 3894.167, "total_cost_weighted": 14266.999, "norm_area": 0.795, "ap": 0.21, "r": 0.826, "loss_e": 0.008, "loss_r": 0.03,