{"CD007394": {"F0.5Measure": 0.38142620232172475, "F1Measure": 0.41441441441441446, "F3Measure": 0.46843177189409363, "NNR": 2.723404255319149, "NumRet": 127, "Precision": 0.36220472440944884, "Recall": 0.4842105263157895, "nDCG": 0.45990452217499816, "map": 0.2272, "Rprec": 0.4105, "recip_rank": 0.25, "ndcg": 0.4599, "set_P": 0.3622, "set_recall": 0.4842, "num_docs": 2545.0, "num_rels": 95.0, "num_shown": 127.0, "num_feedback": 0.0, "rels_found": 46.0, "last_rel": 125.0, "wss_100": 0.0, "wss_95": 0.0, "NCG@10": 0.0, "NCG@20": 0.0, "NCG@30": 0.0, "NCG@40": 0.0, "NCG@50": 0.0, "NCG@60": 0.0, "NCG@70": 0.0, "NCG@80": 0.0, "NCG@90": 0.0, "NCG@100": 0.0, "total_cost": 127.0, "total_cost_uniform": 2621.3579999999997, "total_cost_weighted": 4963.0, "norm_area": 0.483, "ap": 0.22699999999999998, "r": 0.484, "loss_e": 0.001, "loss_r": 0.266, "loss_er": 0.267}, "CD007427": {"F0.5Measure": 0.2807775377969763, "F1Measure": 0.25, "F3Measure": 0.21812080536912756, "NNR": 3.185185185185185, "NumRet": 85, "Precision": 0.3058823529411765, "Recall": 0.21138211382113822, "nDCG": 0.21938263639294744, "map": 0.0647, "Rprec": 0.2114, "recip_rank": 0.2, "ndcg": 0.2194, "set_P": 0.3059, "set_recall": 0.2114, "num_docs": 1521.0, "num_rels": 123.0, "num_shown": 85.0, "num_feedback": 0.0, "rels_found": 26.0, "last_rel": 85.0, "wss_100": 0.0, "wss_95": 0.0, "NCG@10": 0.0, "NCG@20": 0.0, "NCG@30": 0.0, "NCG@40": 0.0, "NCG@50": 0.0, "NCG@60": 0.0, "NCG@70": 0.0, "NCG@80": 0.0, "NCG@90": 0.0, "NCG@100": 0.0, "total_cost": 85.0, "total_cost_uniform": 2349.911, "total_cost_weighted": 2957.0, "norm_area": 0.214, "ap": 0.065, "r": 0.21100000000000002, "loss_e": 0.001, "loss_r": 0.622, "loss_er": 0.623}, "CD008054": {"F0.5Measure": 0.2595936794582393, "F1Measure": 0.21545667447306793, "F3Measure": 0.17563955708285608, "NNR": 3.276595744680851, "NumRet": 153, "Precision": 0.3006535947712418, "Recall": 0.1678832116788321, "nDCG": 0.19679210874131917, "map": 0.0596, "Rprec": 0.1679, "recip_rank": 0.25, "ndcg": 0.1968, "set_P": 0.3007, "set_recall": 0.1679, "num_docs": 3217.0, "num_rels": 274.0, "num_shown": 153.0, "num_feedback": 0.0, "rels_found": 46.0, "last_rel": 152.0, "wss_100": 0.0, "wss_95": 0.0, "NCG@10": 0.0, "NCG@20": 0.0, "NCG@30": 0.0, "NCG@40": 0.0, "NCG@50": 0.0, "NCG@60": 0.0, "NCG@70": 0.0, "NCG@80": 0.0, "NCG@90": 0.0, "NCG@100": 0.0, "total_cost": 153.0, "total_cost_uniform": 5252.2119999999995, "total_cost_weighted": 6281.0, "norm_area": 0.171, "ap": 0.06, "r": 0.168, "loss_e": 0.0, "loss_r": 0.6920000000000001, "loss_er": 0.693}, "CD008643": {"F0.5Measure": 0.0015174506828528071, "F1Measure": 0.0024038461538461535, "F3Measure": 0.010869565217391304, "NNR": 411, "NumRet": 821, "Precision": 0.001218026796589525, "Recall": 0.09090909090909091, "nDCG": 0.021550624836105, "map": 0.0001, "Rprec": 0.0, "recip_rank": 0.0013, "ndcg": 0.0216, "set_P": 0.0012, "set_recall": 0.0909, "num_docs": 15083.0, "num_rels": 11.0, "num_shown": 821.0, "num_feedback": 0.0, "rels_found": 1.0, "last_rel": 787.0, "wss_100": 0.0, "wss_95": 0.0, "NCG@10": 0.0, "NCG@20": 0.0, "NCG@30": 0.0, "NCG@40": 0.0, "NCG@50": 0.0, "NCG@60": 0.0, "NCG@70": 0.0, "NCG@80": 0.0, "NCG@90": 0.0, "NCG@100": 0.0, "total_cost": 821.0, "total_cost_uniform": 26751.909, "total_cost_weighted": 29289.289, "norm_area": 0.086, "ap": 0.0, "r": 0.091, "loss_e": 0.002, "loss_r": 0.826, "loss_er": 0.8290000000000001}, "CD008686": {"F0.5Measure": 0.005302226935312832, "F1Measure": 0.008298755186721992, "F3Measure": 0.03367003367003367, "NNR": 117.5, "NumRet": 234, "Precision": 0.004273504273504274, "Recall": 0.14285714285714285, "nDCG": 0.05847885504273582, "map": 0.0057, "Rprec": 0.0, "recip_rank": 0.04, "ndcg": 0.0585, "set_P": 0.0043, "set_recall": 0.1429, "num_docs": 3966.0, "num_rels": 7.0, "num_shown": 234.0, "num_feedback": 0.0, "rels_found": 1.0, "last_rel": 25.0, "wss_100": 0.0, "wss_95": 0.0, "NCG@10": 0.0, "NCG@20": 0.0, "NCG@30": 0.0, "NCG@40": 0.0, "NCG@50": 0.0, "NCG@60": 0.0, "NCG@70": 0.0, "NCG@80": 0.0, "NCG@90": 0.0, "NCG@100": 0.0, "total_cost": 234.0, "total_cost_uniform": 6631.714, "total_cost_weighted": 7464.75, "norm_area": 0.142, "ap": 0.006, "r": 0.14300000000000002, "loss_e": 0.003, "loss_r": 0.735, "loss_er": 0.738}, "CD008691": {"F0.5Measure": 0.16709511568123392, "F1Measure": 0.17105263157894735, "F3Measure": 0.17663043478260868, "NNR": 5.714285714285714, "NumRet": 79, "Precision": 0.16455696202531644, "Recall": 0.1780821917808219, "nDCG": 0.17556322661256032, "map": 0.0404, "Rprec": 0.1781, "recip_rank": 0.2, "ndcg": 0.1756, "set_P": 0.1646, "set_recall": 0.1781, "num_docs": 1316.0, "num_rels": 73.0, "num_shown": 79.0, "num_feedback": 0.0, "rels_found": 13.0, "last_rel": 71.0, "wss_100": 0.0, "wss_95": 0.0, "NCG@10": 0.0, "NCG@20": 0.0, "NCG@30": 0.0, "NCG@40": 0.0, "NCG@50": 0.0, "NCG@60": 0.0, "NCG@70": 0.0, "NCG@80": 0.0, "NCG@90": 0.0, "NCG@100": 0.0, "total_cost": 79.0, "total_cost_uniform": 2112.425, "total_cost_weighted": 2553.0, "norm_area": 0.17800000000000002, "ap": 0.04, "r": 0.17800000000000002, "loss_e": 0.001, "loss_r": 0.6759999999999999, "loss_er": 0.677}, "CD009020": {"F0.5Measure": 0.11312217194570136, "F1Measure": 0.08620689655172414, "F3Measure": 0.06544502617801047, "NNR": 6.454545454545454, "NumRet": 70, "Precision": 0.14285714285714285, "Recall": 0.06172839506172839, "nDCG": 0.09536693972354664, "map": 0.0158, "Rprec": 0.0617, "recip_rank": 1.0, "ndcg": 0.0954, "set_P": 0.1429, "set_recall": 0.0617, "num_docs": 1584.0, "num_rels": 162.0, "num_shown": 70.0, "num_feedback": 0.0, "rels_found": 10.0, "last_rel": 57.0, "wss_100": 0.0, "wss_95": 0.0, "NCG@10": 0.0, "NCG@20": 0.0, "NCG@30": 0.0, "NCG@40": 0.0, "NCG@50": 0.0, "NCG@60": 0.0, "NCG@70": 0.0, "NCG@80": 0.0, "NCG@90": 0.0, "NCG@100": 0.0, "total_cost": 70.0, "total_cost_uniform": 2911.086, "total_cost_weighted": 3098.0, "norm_area": 0.064, "ap": 0.016, "r": 0.062, "loss_e": 0.0, "loss_r": 0.88, "loss_er": 0.8809999999999999}, "CD009323": {"F0.5Measure": 0.1642710472279261, "F1Measure": 0.19104477611940301, "F3Measure": 0.24408848207475212, "NNR": 6.484848484848484, "NumRet": 213, "Precision": 0.15023474178403756, "Recall": 0.26229508196721313, "nDCG": 0.2591220054985768, "map": 0.0548, "Rprec": 0.1557, "recip_rank": 1.0, "ndcg": 0.2591, "set_P": 0.1502, "set_recall": 0.2623, "num_docs": 3881.0, "num_rels": 122.0, "num_shown": 213.0, "num_feedback": 0.0, "rels_found": 32.0, "last_rel": 207.0, "wss_100": 0.0, "wss_95": 0.0, "NCG@10": 0.0, "NCG@20": 0.0, "NCG@30": 0.0, "NCG@40": 0.0, "NCG@50": 0.0, "NCG@60": 0.0, "NCG@70": 0.0, "NCG@80": 0.0, "NCG@90": 0.0, "NCG@100": 0.0, "total_cost": 213.0, "total_cost_uniform": 5624.803000000001, "total_cost_weighted": 7549.0, "norm_area": 0.259, "ap": 0.055, "r": 0.262, "loss_e": 0.001, "loss_r": 0.544, "loss_er": 0.545}, "CD009591": {"F0.5Measure": 0.21207584830339324, "F1Measure": 0.2791461412151068, "F3Measure": 0.4826802952867689, "NNR": 5.4186046511627906, "NumRet": 465, "Precision": 0.1827956989247312, "Recall": 0.5902777777777778, "nDCG": 0.5117650293466341, "map": 0.1797, "Rprec": 0.2986, "recip_rank": 1.0, "ndcg": 0.5118, "set_P": 0.1828, "set_recall": 0.5903, "num_docs": 7991.0, "num_rels": 144.0, "num_shown": 465.0, "num_feedback": 0.0, "rels_found": 85.0, "last_rel": 457.0, "wss_100": 0.0, "wss_95": 0.0, "NCG@10": 0.0, "NCG@20": 0.0, "NCG@30": 0.0, "NCG@40": 0.0, "NCG@50": 0.0, "NCG@60": 0.0, "NCG@70": 0.0, "NCG@80": 0.0, "NCG@90": 0.0, "NCG@100": 0.0, "total_cost": 465.0, "total_cost_uniform": 6632.139, "total_cost_weighted": 15517.0, "norm_area": 0.583, "ap": 0.18, "r": 0.59, "loss_e": 0.001, "loss_r": 0.168, "loss_er": 0.168}, "CD009593": {"F0.5Measure": 0.06316676024705223, "F1Measure": 0.09483667017913594, "F3Measure": 0.28607755880483154, "NNR": 18.956521739130434, "NumRet": 871, "Precision": 0.05166475315729047, "Recall": 0.5769230769230769, "nDCG": 0.527698116035146, "map": 0.2461, "Rprec": 0.359, "recip_rank": 0.5, "ndcg": 0.5277, "set_P": 0.0517,