{"CD007394": {"F0.5Measure": 0.34942820838627703, "F1Measure": 0.41044776119402987, "F3Measure": 0.5350194552529183, "NNR": 3.107142857142857, "NumRet": 173, "Precision": 0.3179190751445087, "Recall": 0.5789473684210527, "nDCG": 0.5212498829867168, "map": 0.2586, "Rprec": 0.4105, "recip_rank": 0.25, "ndcg": 0.5212, "set_P": 0.3179, "set_recall": 0.5789, "num_docs": 2545.0, "num_rels": 95.0, "num_shown": 173.0, "num_feedback": 0.0, "rels_found": 55.0, "last_rel": 173.0, "wss_100": 0.0, "wss_95": 0.0, "NCG@10": 0.0, "NCG@20": 0.0, "NCG@30": 0.0, "NCG@40": 0.0, "NCG@50": 0.0, "NCG@60": 0.0, "NCG@70": 0.0, "NCG@80": 0.0, "NCG@90": 0.0, "NCG@100": 0.0, "total_cost": 173.0, "total_cost_uniform": 2170.474, "total_cost_weighted": 4917.0, "norm_area": 0.574, "ap": 0.259, "r": 0.579, "loss_e": 0.001, "loss_r": 0.177, "loss_er": 0.179}, "CD007427": {"F0.5Measure": 0.23156089193825038, "F1Measure": 0.226890756302521, "F3Measure": 0.22094926350245495, "NNR": 4.142857142857143, "NumRet": 115, "Precision": 0.23478260869565218, "Recall": 0.21951219512195122, "nDCG": 0.22567253453436895, "map": 0.0671, "Rprec": 0.2195, "recip_rank": 0.2, "ndcg": 0.2257, "set_P": 0.2348, "set_recall": 0.2195, "num_docs": 1521.0, "num_rels": 123.0, "num_shown": 115.0, "num_feedback": 0.0, "rels_found": 27.0, "last_rel": 92.0, "wss_100": 0.0, "wss_95": 0.0, "NCG@10": 0.0, "NCG@20": 0.0, "NCG@30": 0.0, "NCG@40": 0.0, "NCG@50": 0.0, "NCG@60": 0.0, "NCG@70": 0.0, "NCG@80": 0.0, "NCG@90": 0.0, "NCG@100": 0.0, "total_cost": 115.0, "total_cost_uniform": 2309.732, "total_cost_weighted": 2927.0, "norm_area": 0.222, "ap": 0.067, "r": 0.22, "loss_e": 0.001, "loss_r": 0.609, "loss_er": 0.61}, "CD008054": {"F0.5Measure": 0.2657657657657657, "F1Measure": 0.2443064182194617, "F3Measure": 0.22056074766355138, "NNR": 3.5, "NumRet": 209, "Precision": 0.2822966507177033, "Recall": 0.21532846715328466, "nDCG": 0.2357987799365942, "map": 0.0732, "Rprec": 0.2153, "recip_rank": 0.25, "ndcg": 0.2358, "set_P": 0.2823, "set_recall": 0.2153, "num_docs": 3217.0, "num_rels": 274.0, "num_shown": 209.0, "num_feedback": 0.0, "rels_found": 59.0, "last_rel": 209.0, "wss_100": 0.0, "wss_95": 0.0, "NCG@10": 0.0, "NCG@20": 0.0, "NCG@30": 0.0, "NCG@40": 0.0, "NCG@50": 0.0, "NCG@60": 0.0, "NCG@70": 0.0, "NCG@80": 0.0, "NCG@90": 0.0, "NCG@100": 0.0, "total_cost": 209.0, "total_cost_uniform": 4929.584, "total_cost_weighted": 6225.0, "norm_area": 0.218, "ap": 0.073, "r": 0.215, "loss_e": 0.0, "loss_r": 0.616, "loss_er": 0.616}, "CD008643": {"F0.5Measure": 0.001115324559446799, "F1Measure": 0.001771479185119575, "F3Measure": 0.008216926869350863, "NNR": 559.5, "NumRet": 1118, "Precision": 0.0008944543828264759, "Recall": 0.09090909090909091, "nDCG": 0.021550624836105, "map": 0.0001, "Rprec": 0.0, "recip_rank": 0.0013, "ndcg": 0.0216, "set_P": 0.0009, "set_recall": 0.0909, "num_docs": 15083.0, "num_rels": 11.0, "num_shown": 1118.0, "num_feedback": 0.0, "rels_found": 1.0, "last_rel": 787.0, "wss_100": 0.0, "wss_95": 0.0, "NCG@10": 0.0, "NCG@20": 0.0, "NCG@30": 0.0, "NCG@40": 0.0, "NCG@50": 0.0, "NCG@60": 0.0, "NCG@70": 0.0, "NCG@80": 0.0, "NCG@90": 0.0, "NCG@100": 0.0, "total_cost": 1118.0, "total_cost_uniform": 26508.909, "total_cost_weighted": 28993.449, "norm_area": 0.086, "ap": 0.0, "r": 0.091, "loss_e": 0.004, "loss_r": 0.826, "loss_er": 0.831}, "CD008686": {"F0.5Measure": 0.0038850038850038846, "F1Measure": 0.006116207951070337, "F3Measure": 0.02610966057441253, "NNR": 160.5, "NumRet": 320, "Precision": 0.003125, "Recall": 0.14285714285714285, "nDCG": 0.05847885504273582, "map": 0.0057, "Rprec": 0.0, "recip_rank": 0.04, "ndcg": 0.0585, "set_P": 0.0031, "set_recall": 0.1429, "num_docs": 3966.0, "num_rels": 7.0, "num_shown": 320.0, "num_feedback": 0.0, "rels_found": 1.0, "last_rel": 25.0, "wss_100": 0.0, "wss_95": 0.0, "NCG@10": 0.0, "NCG@20": 0.0, "NCG@30": 0.0, "NCG@40": 0.0, "NCG@50": 0.0, "NCG@60": 0.0, "NCG@70": 0.0, "NCG@80": 0.0, "NCG@90": 0.0, "NCG@100": 0.0, "total_cost": 320.0, "total_cost_uniform": 6570.286, "total_cost_weighted": 7384.125, "norm_area": 0.142, "ap": 0.006, "r": 0.14300000000000002, "loss_e": 0.006, "loss_r": 0.735, "loss_er": 0.74}, "CD008691": {"F0.5Measure": 0.1696606786427146, "F1Measure": 0.1888888888888889, "F3Measure": 0.22251308900523561, "NNR": 6, "NumRet": 107, "Precision": 0.1588785046728972, "Recall": 0.2328767123287671, "nDCG": 0.21166744021781583, "map": 0.0491, "Rprec": 0.1781, "recip_rank": 0.2, "ndcg": 0.2117, "set_P": 0.1589, "set_recall": 0.2329, "num_docs": 1316.0, "num_rels": 73.0, "num_shown": 107.0, "num_feedback": 0.0, "rels_found": 17.0, "last_rel": 102.0, "wss_100": 0.0, "wss_95": 0.0, "NCG@10": 0.0, "NCG@20": 0.0, "NCG@30": 0.0, "NCG@40": 0.0, "NCG@50": 0.0, "NCG@60": 0.0, "NCG@70": 0.0, "NCG@80": 0.0, "NCG@90": 0.0, "NCG@100": 0.0, "total_cost": 107.0, "total_cost_uniform": 1961.904, "total_cost_weighted": 2525.0, "norm_area": 0.231, "ap": 0.049, "r": 0.233, "loss_e": 0.002, "loss_r": 0.588, "loss_er": 0.591}, "CD009020": {"F0.5Measure": 0.11818181818181818, "F1Measure": 0.10038610038610038, "F3Measure": 0.08360128617363344, "NNR": 7, "NumRet": 97, "Precision": 0.13402061855670103, "Recall": 0.08024691358024691, "nDCG": 0.11129939592947338, "map": 0.0186, "Rprec": 0.0802, "recip_rank": 1.0, "ndcg": 0.1113, "set_P": 0.134, "set_recall": 0.0802, "num_docs": 1584.0, "num_rels": 162.0, "num_shown": 97.0, "num_feedback": 0.0, "rels_found": 13.0, "last_rel": 87.0, "wss_100": 0.0, "wss_95": 0.0, "NCG@10": 0.0, "NCG@20": 0.0, "NCG@30": 0.0, "NCG@40": 0.0, "NCG@50": 0.0, "NCG@60": 0.0, "NCG@70": 0.0, "NCG@80": 0.0, "NCG@90": 0.0, "NCG@100": 0.0, "total_cost": 97.0, "total_cost_uniform": 2832.3459999999995, "total_cost_weighted": 3071.0, "norm_area": 0.08199999999999999, "ap": 0.019, "r": 0.08, "loss_e": 0.001, "loss_r": 0.846, "loss_er": 0.846}, "CD009323": {"F0.5Measure": 0.17550702028081125, "F1Measure": 0.2184466019417476, "F3Measure": 0.3242074927953891, "NNR": 6.326086956521739, "NumRet": 290, "Precision": 0.15517241379310345, "Recall": 0.36885245901639346, "nDCG": 0.327025578410937, "map": 0.0719, "Rprec": 0.1557, "recip_rank": 1.0, "ndcg": 0.327, "set_P": 0.1552, "set_recall": 0.3689, "num_docs": 3881.0, "num_rels": 122.0, "num_shown": 290.0, "num_feedback": 0.0, "rels_found": 45.0, "last_rel": 283.0, "wss_100": 0.0, "wss_95": 0.0, "NCG@10": 0.0, "NCG@20": 0.0, "NCG@30": 0.0, "NCG@40": 0.0, "NCG@50": 0.0, "NCG@60": 0.0, "NCG@70": 0.0, "NCG@80": 0.0, "NCG@90": 0.0, "NCG@100": 0.0, "total_cost": 290.0, "total_cost_uniform": 4822.902, "total_cost_weighted": 7472.0, "norm_area": 0.361, "ap": 0.07200000000000001, "r": 0.369, "loss_e": 0.001, "loss_r": 0.39799999999999996, "loss_er": 0.39899999999999997}, "CD009591": {"F0.5Measure": 0.17723880597014927, "F1Measure": 0.2442159383033419, "F3Measure": 0.49222797927461137, "NNR": 6.614583333333333, "NumRet": 634, "Precision": 0.1498422712933754, "Recall": 0.6597222222222222, "nDCG": 0.5519917020563718, "map": 0.191, "Rprec": 0.2986, "recip_rank": 1.0, "ndcg": 0.552, "set_P": 0.1498, "set_recall": 0.6597, "num_docs": 7991.0, "num_rels": 144.0, "num_shown": 634.0, "num_feedback": 0.0, "rels_found": 95.0, "last_rel": 625.0, "wss_100": 0.0, "wss_95": 0.0, "NCG@10": 0.0, "NCG@20": 0.0, "NCG@30": 0.0, "NCG@40": 0.0, "NCG@50": 0.0, "NCG@60": 0.0, "NCG@70": 0.0, "NCG@80": 0.0, "NCG@90": 0.0, "NCG@100": 0.0, "total_cost": 634.0, "total_cost_uniform": 5640.847, "total_cost_weighted": 15348.0, "norm_area": 0.648, "ap": 0.191, "r": 0.66, "loss_e": 0.001, "loss_r": 0.11599999999999999, "loss_er": 0.11699999999999999}, "CD009593": {"F0.5Measure": 0.047737650477376506, "F1Measure": 0.07284243863816312, "F3Measure": 0.24377318494965558, "NNR": 25.23404255319149, "NumRet": 1185, "Precision": 0.038818565400843885, "Recall": 0.5897435897435898, "nDCG": 0.533467834500785, "map": 0.2467, "Rprec": 0.359, "recip_rank": 0.5, "ndcg": 0.5335, "set_P": 0.0388, "set_recall": 0.5897, "num_docs": 14922.0, "num_rels": 78.0, "num_shown": 1185.0,