{"CD007394": {"F0.5Measure": 0.4018912529550827, "F1Measure": 0.384180790960452, "F3Measure": 0.3628601921024546, "NNR": 2.3714285714285714, "NumRet": 82, "Precision": 0.4146341463414634, "Recall": 0.35789473684210527, "nDCG": 0.37081054897202304, "map": 0.1768, "Rprec": 0.3579, "recip_rank": 0.25, "ndcg": 0.3708, "set_P": 0.4146, "set_recall": 0.3579, "num_docs": 2545.0, "num_rels": 95.0, "num_shown": 82.0, "num_feedback": 0.0, "rels_found": 34.0, "last_rel": 81.0, "wss_100": 0.0, "wss_95": 0.0, "NCG@10": 0.0, "NCG@20": 0.0, "NCG@30": 0.0, "NCG@40": 0.0, "NCG@50": 0.0, "NCG@60": 0.0, "NCG@70": 0.0, "NCG@80": 0.0, "NCG@90": 0.0, "NCG@100": 0.0, "total_cost": 82.0, "total_cost_uniform": 3245.011, "total_cost_weighted": 5008.0, "norm_area": 0.36, "ap": 0.177, "r": 0.358, "loss_e": 0.0, "loss_r": 0.41200000000000003, "loss_er": 0.413}, "CD007427": {"F0.5Measure": 0.23323615160349853, "F1Measure": 0.1797752808988764, "F3Measure": 0.1376936316695353, "NNR": 3.2941176470588234, "NumRet": 55, "Precision": 0.2909090909090909, "Recall": 0.13008130081300814, "nDCG": 0.15204454124771122, "map": 0.0393, "Rprec": 0.1301, "recip_rank": 0.2, "ndcg": 0.152, "set_P": 0.2909, "set_recall": 0.1301, "num_docs": 1521.0, "num_rels": 123.0, "num_shown": 55.0, "num_feedback": 0.0, "rels_found": 16.0, "last_rel": 55.0, "wss_100": 0.0, "wss_95": 0.0, "NCG@10": 0.0, "NCG@20": 0.0, "NCG@30": 0.0, "NCG@40": 0.0, "NCG@50": 0.0, "NCG@60": 0.0, "NCG@70": 0.0, "NCG@80": 0.0, "NCG@90": 0.0, "NCG@100": 0.0, "total_cost": 55.0, "total_cost_uniform": 2605.6020000000003, "total_cost_weighted": 2987.0, "norm_area": 0.133, "ap": 0.039, "r": 0.13, "loss_e": 0.0, "loss_r": 0.757, "loss_er": 0.757}, "CD008054": {"F0.5Measure": 0.23134328358208953, "F1Measure": 0.16621983914209112, "F3Measure": 0.1208576998050682, "NNR": 3.125, "NumRet": 99, "Precision": 0.31313131313131315, "Recall": 0.11313868613138686, "nDCG": 0.14828682244546015, "map": 0.0429, "Rprec": 0.1131, "recip_rank": 0.25, "ndcg": 0.1483, "set_P": 0.3131, "set_recall": 0.1131, "num_docs": 3217.0, "num_rels": 274.0, "num_shown": 99.0, "num_feedback": 0.0, "rels_found": 31.0, "last_rel": 98.0, "wss_100": 0.0, "wss_95": 0.0, "NCG@10": 0.0, "NCG@20": 0.0, "NCG@30": 0.0, "NCG@40": 0.0, "NCG@50": 0.0, "NCG@60": 0.0, "NCG@70": 0.0, "NCG@80": 0.0, "NCG@90": 0.0, "NCG@100": 0.0, "total_cost": 99.0, "total_cost_uniform": 5629.467, "total_cost_weighted": 6335.0, "norm_area": 0.11699999999999999, "ap": 0.043, "r": 0.113, "loss_e": 0.0, "loss_r": 0.787, "loss_er": 0.787}, "CD008643": {"F0.5Measure": 0, "F1Measure": 0, "F3Measure": 0, "NNR": 533, "NumRet": 532, "Precision": 0, "Recall": 0, "nDCG": 0, "map": 0.0, "Rprec": 0.0, "recip_rank": 0.0, "ndcg": 0.0, "set_P": 0.0, "set_recall": 0.0, "num_docs": 15083.0, "num_rels": 11.0, "num_shown": 532.0, "num_feedback": 0.0, "rels_found": 0.0, "last_rel": 0.0, "wss_100": 0.0, "wss_95": 0.0, "NCG@10": 0.0, "NCG@20": 0.0, "NCG@30": 0.0, "NCG@40": 0.0, "NCG@50": 0.0, "NCG@60": 0.0, "NCG@70": 0.0, "NCG@80": 0.0, "NCG@90": 0.0, "NCG@100": 0.0, "total_cost": 532.0, "total_cost_uniform": 29634.0, "total_cost_weighted": 29605.58, "norm_area": 0.0, "ap": 0.0, "r": 0.0, "loss_e": 0.001, "loss_r": 1.0, "loss_er": 1.001}, "CD008686": {"F0.5Measure": 0.008183306055646482, "F1Measure": 0.012658227848101266, "F3Measure": 0.04672897196261683, "NNR": 76, "NumRet": 151, "Precision": 0.006622516556291391, "Recall": 0.14285714285714285, "nDCG": 0.05847885504273582, "map": 0.0057, "Rprec": 0.0, "recip_rank": 0.04, "ndcg": 0.0585, "set_P": 0.0066, "set_recall": 0.1429, "num_docs": 3966.0, "num_rels": 7.0, "num_shown": 151.0, "num_feedback": 0.0, "rels_found": 1.0, "last_rel": 25.0, "wss_100": 0.0, "wss_95": 0.0, "NCG@10": 0.0, "NCG@20": 0.0, "NCG@30": 0.0, "NCG@40": 0.0, "NCG@50": 0.0, "NCG@60": 0.0, "NCG@70": 0.0, "NCG@80": 0.0, "NCG@90": 0.0, "NCG@100": 0.0, "total_cost": 151.0, "total_cost_uniform": 6691.0, "total_cost_weighted": 7542.562, "norm_area": 0.142, "ap": 0.006, "r": 0.14300000000000002, "loss_e": 0.001, "loss_r": 0.735, "loss_er": 0.736}, "CD008691": {"F0.5Measure": 0.16014234875444838, "F1Measure": 0.144, "F3Measure": 0.12693935119887165, "NNR": 5.3, "NumRet": 52, "Precision": 0.17307692307692307, "Recall": 0.1232876712328767, "nDCG": 0.13586573173295538, "map": 0.0306, "Rprec": 0.1233, "recip_rank": 0.2, "ndcg": 0.1359, "set_P": 0.1731, "set_recall": 0.1233, "num_docs": 1316.0, "num_rels": 73.0, "num_shown": 52.0, "num_feedback": 0.0, "rels_found": 9.0, "last_rel": 49.0, "wss_100": 0.0, "wss_95": 0.0, "NCG@10": 0.0, "NCG@20": 0.0, "NCG@30": 0.0, "NCG@40": 0.0, "NCG@50": 0.0, "NCG@60": 0.0, "NCG@70": 0.0, "NCG@80": 0.0, "NCG@90": 0.0, "NCG@100": 0.0, "total_cost": 52.0, "total_cost_uniform": 2268.3289999999997, "total_cost_weighted": 2580.0, "norm_area": 0.125, "ap": 0.031, "r": 0.12300000000000001, "loss_e": 0.001, "loss_r": 0.769, "loss_er": 0.769}, "CD009020": {"F0.5Measure": 0.11834319526627218, "F1Measure": 0.07766990291262135, "F3Measure": 0.05326231691078561, "NNR": 5, "NumRet": 44, "Precision": 0.18181818181818182, "Recall": 0.04938271604938271, "nDCG": 0.08384346547821356, "map": 0.0137, "Rprec": 0.0494, "recip_rank": 1.0, "ndcg": 0.0838, "set_P": 0.1818, "set_recall": 0.0494, "num_docs": 1584.0, "num_rels": 162.0, "num_shown": 44.0, "num_feedback": 0.0, "rels_found": 8.0, "last_rel": 41.0, "wss_100": 0.0, "wss_95": 0.0, "NCG@10": 0.0, "NCG@20": 0.0, "NCG@30": 0.0, "NCG@40": 0.0, "NCG@50": 0.0, "NCG@60": 0.0, "NCG@70": 0.0, "NCG@80": 0.0, "NCG@90": 0.0, "NCG@100": 0.0, "total_cost": 44.0, "total_cost_uniform": 2971.901, "total_cost_weighted": 3124.0, "norm_area": 0.051, "ap": 0.013999999999999999, "r": 0.049, "loss_e": 0.0, "loss_r": 0.904, "loss_er": 0.904}, "CD009323": {"F0.5Measure": 0.16417910447761191, "F1Measure": 0.16988416988416988, "F3Measure": 0.17813765182186234, "NNR": 6, "NumRet": 137, "Precision": 0.16058394160583941, "Recall": 0.18032786885245902, "nDCG": 0.20315100700840102, "map": 0.0414, "Rprec": 0.1557, "recip_rank": 1.0, "ndcg": 0.2032, "set_P": 0.1606, "set_recall": 0.1803, "num_docs": 3881.0, "num_rels": 122.0, "num_shown": 137.0, "num_feedback": 0.0, "rels_found": 22.0, "last_rel": 135.0, "wss_100": 0.0, "wss_95": 0.0, "NCG@10": 0.0, "NCG@20": 0.0, "NCG@30": 0.0, "NCG@40": 0.0, "NCG@50": 0.0, "NCG@60": 0.0, "NCG@70": 0.0, "NCG@80": 0.0, "NCG@90": 0.0, "NCG@100": 0.0, "total_cost": 137.0, "total_cost_uniform": 6274.705, "total_cost_weighted": 7625.0, "norm_area": 0.18, "ap": 0.040999999999999995, "r": 0.18, "loss_e": 0.0, "loss_r": 0.672, "loss_er": 0.672}, "CD009591": {"F0.5Measure": 0.26413690476190477, "F1Measure": 0.3198198198198198, "F3Measure": 0.44486215538847124, "NNR": 4.180555555555555, "NumRet": 300, "Precision": 0.23666666666666666, "Recall": 0.4930555555555556, "nDCG": 0.4520211140211307, "map": 0.1598, "Rprec": 0.2986, "recip_rank": 1.0, "ndcg": 0.452, "set_P": 0.2367, "set_recall": 0.4931, "num_docs": 7991.0, "num_rels": 144.0, "num_shown": 300.0, "num_feedback": 0.0, "rels_found": 71.0, "last_rel": 294.0, "wss_100": 0.0, "wss_95": 0.0, "NCG@10": 0.0, "NCG@20": 0.0, "NCG@30": 0.0, "NCG@40": 0.0, "NCG@50": 0.0, "NCG@60": 0.0, "NCG@70": 0.0, "NCG@80": 0.0, "NCG@90": 0.0, "NCG@100": 0.0, "total_cost": 300.0, "total_cost_uniform": 8097.819, "total_cost_weighted": 15682.0, "norm_area": 0.49, "ap": 0.16, "r": 0.493, "loss_e": 0.0, "loss_r": 0.257, "loss_er": 0.257}, "CD009593": {"F0.5Measure": 0.08997429305912596, "F1Measure": 0.13084112149532712, "F3Measure": 0.3317535545023696, "NNR": 13.13953488372093, "NumRet": 564, "Precision": 0.07446808510638298, "Recall": 0.5384615384615384, "nDCG": 0.5098119985340615, "map": 0.2438, "Rprec": 0.359, "recip_rank": 0.5, "ndcg": 0.5098, "set_P": 0.0745, "set_recall": 0.5385, "num_docs": 14922.0, "num_rels": 78.0, "num_shown": 564.0, "num_feedback": 0.0, "rels_found": 42.0, "last_rel": 483.0, "wss_100": 0.0, "wss_95": 0.0, "NCG@10": 0.0, "NCG@20": 0.0, "NCG@30": 0.0, "NCG@40": 0.0, "NCG@50": 0.0, "NCG@60": 0.0, "NCG@70": 0.0,