{
    "CD008122": {
        "F0.5Measure": 0.48679867986798686,
        "F1Measure": 0.582716049382716,
        "F3Measure": 0.7903549899531146,
        "NNR": 2.2742616033755274,
        "NumRet": 538,
        "Precision": 0.43866171003717475,
        "Recall": 0.8676470588235294,
        "nDCG": 0.8436599141486874
    },
    "CD008587": {
        "F0.5Measure": 0.02565721954685403,
        "F1Measure": 0.040297582145071294,
        "F3Measure": 0.168481078278901,
        "NNR": 47.696969696969695,
        "NumRet": 3147,
        "Precision": 0.02065459167461074,
        "Recall": 0.8227848101265823,
        "nDCG": 0.46669718044344755
    },
    "CD008759": {
        "F0.5Measure": 0.23728813559322032,
        "F1Measure": 0.3294117647058824,
        "F3Measure": 0.6829268292682927,
        "NNR": 4.9298245614035086,
        "NumRet": 280,
        "Precision": 0.2,
        "Recall": 0.9333333333333333,
        "nDCG": 0.7967111250906093
    },
    "CD008892": {
        "F0.5Measure": 0.14259846084200994,
        "F1Measure": 0.20860927152317882,
        "F3Measure": 0.5449826989619377,
        "NNR": 8.375,
        "NumRet": 535,
        "Precision": 0.11775700934579439,
        "Recall": 0.9130434782608695,
        "nDCG": 0.7641838477916248
    },
    "CD009175": {
        "F0.5Measure": 0.037538461538461534,
        "F1Measure": 0.058653846153846154,
        "F3Measure": 0.23461538461538461,
        "NNR": 32.516129032258064,
        "NumRet": 2015,
        "Precision": 0.030272952853598014,
        "Recall": 0.9384615384615385,
        "nDCG": 0.5829596616612408
    },
    "CD009263": {
        "F0.5Measure": 0.004109109984262982,
        "F1Measure": 0.006553262688232014,
        "F3Measure": 0.0316711590296496,
        "NNR": 300.6842105263158,
        "NumRet": 28564,
        "Precision": 0.00329085562246184,
        "Recall": 0.7580645161290323,
        "nDCG": 0.31605786471253483
    },
    "CD009694": {
        "F0.5Measure": 0.4069767441860465,
        "F1Measure": 0.509090909090909,
        "F3Measure": 0.7650273224043715,
        "NNR": 2.6666666666666665,
        "NumRet": 39,
        "Precision": 0.358974358974359,
        "Recall": 0.875,
        "nDCG": 0.8974187554099676
    },
    "CD010213": {
        "F0.5Measure": 0.10375686308417276,
        "F1Measure": 0.1540436456996149,
        "F3Measure": 0.43541364296081275,
        "NNR": 11.713097713097714,
        "NumRet": 5633,
        "Precision": 0.08521214273033907,
        "Recall": 0.8013355592654424,
        "nDCG": 0.62039557412453
    },
    "CD010296": {
        "F0.5Measure": 0.041132732162632496,
        "F1Measure": 0.06419753086419754,
        "F3Measure": 0.25440313111545987,
        "NNR": 29.58490566037736,
        "NumRet": 1567,
        "Precision": 0.03318442884492661,
        "Recall": 0.9811320754716981,
        "nDCG": 0.6298041694114827
    },
    "CD010502": {
        "F0.5Measure": 0.2248345126683406,
        "F1Measure": 0.3109707971586425,
        "F3Measure": 0.6356889319135205,
        "NNR": 5.247474747474747,
        "NumRet": 1038,
        "Precision": 0.18978805394990367,
        "Recall": 0.8602620087336245,
        "nDCG": 0.7720649530811353
    },
    "CD010657": {
        "F0.5Measure": 0.1760704281712685,
        "F1Measure": 0.24142661179698216,
        "F3Measure": 0.4780010863661053,
        "NNR": 6.640449438202247,
        "NumRet": 590,
        "Precision": 0.14915254237288136,
        "Recall": 0.6330935251798561,
        "nDCG": 0.5322720950145677
    },
    "CD010680": {
        "F0.5Measure": 0.010626123916952755,
        "F1Measure": 0.01689408706952567,
        "F3Measure": 0.07912355447352405,
        "NNR": 113.07407407407408,
        "NumRet": 3052,
        "Precision": 0.00851900393184797,
        "Recall": 1,
        "nDCG": 0.45908005614524805
    },
    "CD010864": {
        "F0.5Measure": 0.05538922155688622,
        "F1Measure": 0.08525345622119815,
        "F3Measure": 0.30327868852459017,
        "NNR": 21.710526315789473,
        "NumRet": 824,
        "Precision": 0.044902912621359224,
        "Recall": 0.8409090909090909,
        "nDCG": 0.486337918677715
    },
    "CD011053": {
        "F0.5Measure": 0.018270401948842874,
        "F1Measure": 0.02891566265060241,
        "F3Measure": 0.12958963282937366,
        "NNR": 63,
        "NumRet": 818,
        "Precision": 0.014669926650366748,
        "Recall": 1,
        "nDCG": 0.7216055267507354
    },
    "CD011126": {
        "F0.5Measure": 0.0072310601846701525,
        "F1Measure": 0.011519716437749225,
        "F3Measure": 0.05506141465480729,
        "NNR": 160.35714285714286,
        "NumRet": 2244,
        "Precision": 0.005793226381461676,
        "Recall": 1,
        "nDCG": 0.7769908115004169
    },
    "CD011420": {
        "F0.5Measure": 0.5757575757575757,
        "F1Measure": 0.6666666666666666,
        "F3Measure": 0.8444444444444444,
        "NNR": 1.8717948717948718,
        "NumRet": 72,
        "Precision": 0.5277777777777778,
        "Recall": 0.9047619047619048,
        "nDCG": 0.829867069352283
    },
    "CD011431": {
        "F0.5Measure": 0.5308328035600761,
        "F1Measure": 0.5422077922077921,
        "F3Measure": 0.5581550802139037,
        "NNR": 1.9047619047619047,
        "NumRet": 319,
        "Precision": 0.5235109717868338,
        "Recall": 0.5622895622895623,
        "nDCG": 0.5427486737232403
    },
    "CD011515": {
        "F0.5Measure": 0.047226595055097687,
        "F1Measure": 0.07298747763864043,
        "F3Measure": 0.26764628706376276,
        "NNR": 25.9126213592233,
        "NumRet": 2668,
        "Precision": 0.03823088455772114,
        "Recall": 0.8031496062992126,
        "nDCG": 0.5031130507940933
    },
    "CD011602": {
        "F0.5Measure": 0.0030403057678943714,
        "F1Measure": 0.004854368932038835,
        "F3Measure": 0.023744911804613297,
        "NNR": 359.625,
        "NumRet": 2876,
        "Precision": 0.0024339360222531293,
        "Recall": 0.875,
        "nDCG": 0.25002762612982316
    },
    "CD011686": {
        "F0.5Measure": 0.017844396859386154,
        "F1Measure": 0.028248587570621472,
        "F3Measure": 0.1269035532994924,
        "NNR": 68.57142857142857,
        "NumRet": 3839,
        "Precision": 0.014326647564469915,
        "Recall": 1,
        "nDCG": 0.5771116887242131
    },
    "CD011912": {
        "F0.5Measure": 0.11729222520107238,
        "F1Measure": 0.17500000000000002,
        "F3Measure": 0.5087209302325582,
        "NNR": 10.13888888888889,
        "NumRet": 364,
        "Precision": 0.09615384615384616,
        "Recall": 0.9722222222222222,
        "nDCG": 0.6133170741657977
    },
    "CD011926": {
        "F0.5Measure": 0.032178217821782186,
        "F1Measure": 0.05048543689320388,
        "F3Measure": 0.2091152815013405,
        "NNR": 37.65,
        "NumRet": 1505,
        "Precision": 0.025913621262458473,
        "Recall": 0.975,
        "nDCG": 0.7298890989291823
    },
    "CD012009": {
        "F0.5Measure": 0.23364485981308414,
        "F1Measure": 0.32558139534883723,
        "F3Measure": 0.6849315068493151,
        "NNR": 4.972222222222222,
        "NumRet": 178,
        "Precision": 0.19662921348314608,
        "Recall": 0.9459459459459459,
        "nDCG": 0.8356360210733701
    },
    "CD012010": {
        "F0.5Measure": 0.09950738916256158,
        "F1Measure": 0.14664246823956442,
        "F3Measure": 0.3980295566502463,
        "NNR": 12.147783251231527,
        "NumRet": 2465,
        "Precision": 0.081947261663286,
        "Recall": 0.696551724137931,
        "nDCG": 0.5933792134606901
    },
    "CD012083": {
        "F0.5Measure": 0.12643678160919541,
        "F1Measure": 0.18803418803418803,
        "F3Measure": 0.5365853658536585,
        "NNR": 8.916666666666666,
        "NumRet": 106,
        "Precision": 0.10377358490566038,
        "Recall": 1,
        "nDCG": 0.7922523994579621
    },