{
    "CD007431": {
        "F0.5Measure": 0.014423076923076924,
        "F1Measure": 0.022878932316491896,
        "F3Measure": 0.10480349344978167,
        "NNR": 83,
        "NumRet": 2074,
        "Precision": 0.011571841851494697,
        "Recall": 1,
        "nDCG": 0.5683318665052157
    },
    "CD008081": {
        "F0.5Measure": 0.033282130056323606,
        "F1Measure": 0.052208835341365466,
        "F3Measure": 0.2159468438538206,
        "NNR": 35.96296296296296,
        "NumRet": 970,
        "Precision": 0.026804123711340205,
        "Recall": 1,
        "nDCG": 0.4483623089277779
    },
    "CD008760": {
        "F0.5Measure": 0.22388059701492538,
        "F1Measure": 0.3157894736842105,
        "F3Measure": 0.6976744186046512,
        "NNR": 5,
        "NumRet": 64,
        "Precision": 0.1875,
        "Recall": 1,
        "nDCG": 0.9189064162990698
    },
    "CD008782": {
        "F0.5Measure": 0.0053478477883678365,
        "F1Measure": 0.008529188779378317,
        "F3Measure": 0.04123900293255132,
        "NNR": 228.43478260869566,
        "NumRet": 10507,
        "Precision": 0.004282859046350052,
        "Recall": 1,
        "nDCG": 0.46540519627601984
    },
    "CD008803": {
        "F0.5Measure": 0.018032129977050018,
        "F1Measure": 0.028542597664696554,
        "F3Measure": 0.12808901539655843,
        "NNR": 68.39,
        "NumRet": 6838,
        "Precision": 0.014477917519742615,
        "Recall": 1,
        "nDCG": 0.5499789833815161
    },
    "CD009135": {
        "F0.5Measure": 0.11879049676025917,
        "F1Measure": 0.1774193548387097,
        "F3Measure": 0.5188679245283019,
        "NNR": 10.153846153846153,
        "NumRet": 791,
        "Precision": 0.09734513274336283,
        "Recall": 1,
        "nDCG": 0.8108634377379341
    },
    "CD009185": {
        "F0.5Measure": 0.07020757020757021,
        "F1Measure": 0.10779144698301114,
        "F3Measure": 0.3765861645517806,
        "NNR": 17.376344086021504,
        "NumRet": 1615,
        "Precision": 0.05696594427244582,
        "Recall": 1,
        "nDCG": 0.7883770699456587
    },
    "CD009372": {
        "F0.5Measure": 0.01386270378174559,
        "F1Measure": 0.021997360316761992,
        "F3Measure": 0.10109179134654267,
        "NNR": 86.5,
        "NumRet": 2248,
        "Precision": 0.01112099644128114,
        "Recall": 1,
        "nDCG": 0.5579187353126175
    },
    "CD009519": {
        "F0.5Measure": 0.021677505419376356,
        "F1Measure": 0.03423868312757202,
        "F3Measure": 0.15057188359635154,
        "NNR": 56.87619047619047,
        "NumRet": 5971,
        "Precision": 0.017417518003684476,
        "Recall": 1,
        "nDCG": 0.7430410544232698
    },
    "CD009551": {
        "F0.5Measure": 0.02990897269180754,
        "F1Measure": 0.04701073071027082,
        "F3Measure": 0.19784946236559137,
        "NNR": 40.680851063829785,
        "NumRet": 1911,
        "Precision": 0.024071166928309785,
        "Recall": 1,
        "nDCG": 0.5820651939355522
    },
    "CD009579": {
        "F0.5Measure": 0.026581400724246862,
        "F1Measure": 0.04186258152586076,
        "F3Measure": 0.1792906327140444,
        "NNR": 46.44604316546763,
        "NumRet": 6455,
        "Precision": 0.021378776142525174,
        "Recall": 1,
        "nDCG": 0.8106079084273303
    },
    "CD009647": {
        "F0.5Measure": 0.025008931761343337,
        "F1Measure": 0.039422738472368886,
        "F3Measure": 0.17026451809060505,
        "NNR": 48.87719298245614,
        "NumRet": 2785,
        "Precision": 0.020107719928186715,
        "Recall": 1,
        "nDCG": 0.5780256540190005
    },
    "CD009786": {
        "F0.5Measure": 0.006045949214026604,
        "F1Measure": 0.009638554216867469,
        "F3Measure": 0.046403712296983764,
        "NNR": 187.8181818181818,
        "NumRet": 2065,
        "Precision": 0.004842615012106538,
        "Recall": 1,
        "nDCG": 0.4347883521242794
    },
    "CD009925": {
        "F0.5Measure": 0.08651820643996389,
        "F1Measure": 0.1315977685595766,
        "F3Measure": 0.4310748758316934,
        "NNR": 14.169197396963124,
        "NumRet": 6531,
        "Precision": 0.07043331802174246,
        "Recall": 1,
        "nDCG": 0.7999136691431437
    },
    "CD010023": {
        "F0.5Measure": 0.041507024265644954,
        "F1Measure": 0.064797507788162,
        "F3Measure": 0.2572983671449777,
        "NNR": 29.32075471698113,
        "NumRet": 1553,
        "Precision": 0.0334835801674179,
        "Recall": 1,
        "nDCG": 0.7550183383579419
    },
    "CD010173": {
        "F0.5Measure": 0.004795863046832646,
        "F1Measure": 0.007651363938789089,
        "F3Measure": 0.037120723047127185,
        "NNR": 249.58333333333334,
        "NumRet": 5989,
        "Precision": 0.0038403740190348975,
        "Recall": 1,
        "nDCG": 0.33078284266105806
    },
    "CD010276": {
        "F0.5Measure": 0.011245314452311536,
        "F1Measure": 0.017871917921562137,
        "F3Measure": 0.0833976833976834,
        "NNR": 108.9090909090909,
        "NumRet": 5989,
        "Precision": 0.009016530305560193,
        "Recall": 1,
        "nDCG": 0.7090850993860055
    },
    "CD010339": {
        "F0.5Measure": 0.011102021736589928,
        "F1Measure": 0.017645693057812866,
        "F3Measure": 0.08241162437649101,
        "NNR": 111.37391304347825,
        "NumRet": 12807,
        "Precision": 0.00890138205668775,
        "Recall": 1,
        "nDCG": 0.551523324002495
    },
    "CD010386": {
        "F0.5Measure": 0.003996802557953637,
        "F1Measure": 0.006379585326953748,
        "F3Measure": 0.03110419906687403,
        "NNR": 208.66666666666666,
        "NumRet": 625,
        "Precision": 0.0032,
        "Recall": 1,
        "nDCG": 0.20673854883462855
    },
    "CD010542": {
        "F0.5Measure": 0.0708215297450425,
        "F1Measure": 0.10869565217391304,
        "F3Measure": 0.3787878787878788,
        "NNR": 16.61904761904762,
        "NumRet": 348,
        "Precision": 0.05747126436781609,
        "Recall": 1,
        "nDCG": 0.6120842427823356
    },
    "CD010633": {
        "F0.5Measure": 0.0031766200762388818,
        "F1Measure": 0.0050729232720355105,
        "F3Measure": 0.024860161591050343,
        "NNR": 314.8,
        "NumRet": 1573,
        "Precision": 0.0025429116338207248,
        "Recall": 1,
        "nDCG": 0.6271996998584551
    },
    "CD010653": {
        "F0.5Measure": 0.007019623748167099,
        "F1Measure": 0.011184292282838326,
        "F3Measure": 0.05352682288569049,
        "NNR": 173.97826086956522,
        "NumRet": 8002,
        "Precision": 0.005623594101474632,
        "Recall": 1,
        "nDCG": 0.4328035302085969
    },
    "CD010705": {
        "F0.5Measure": 0.24008350730688935,
        "F1Measure": 0.3357664233576642,
        "F3Measure": 0.7165109034267912,
        "NNR": 4.791666666666667,
        "NumRet": 114,
        "Precision": 0.20175438596491227,
        "Recall": 1,
        "nDCG": 0.9192526579292688
    },
    "CD010772": {
        "F0.5Measure": 0.17925247902364605,
        "F1Measure": 0.25895316804407714,
        "F3Measure": 0.6359945872801084,
        "NNR": 6.604166666666667,
        "NumRet": 316,
        "Precision": 0.14873417721518986,
        "Recall": 1,
        "nDCG": 0.8002188953699897
    },
    "CD010775": {
        "F0.5Measure": 0.05641025641025641,
        "F1Measure": 0.0873015873015873,
        "F3Measure": 0.3235294117647059,
        "NNR": 20.166666666666668,
        "NumRet": 241,
        "Precision": 0.04564315352697095,
        "Recall": 1,
        "nDCG": 0.7513808041752464
    },
    "CD010783": {
        "F0.5Measure": 0.003436426116838488,
        "F1Measure": 0.005486968449931413,
        "F3Measure": 0.026845637583892617,
        "NNR": 351.80645161290323,
        "NumRet": 10905,
        "Precision": 0.002751031636863824,
        "Recall": 1,
        "nDCG": 0.39801593404858077
    },