{
    "CD007431": {
        "F0.5Measure": 0.014864864864864866,
        "F1Measure": 0.023554603854389723,
        "F3Measure": 0.10679611650485436,
        "NNR": 80.21739130434783,
        "NumRet": 1844,
        "Precision": 0.01193058568329718,
        "Recall": 0.9166666666666666,
        "nDCG": 0.4383866137277561
    },
    "CD008081": {
        "F0.5Measure": 0.048387096774193554,
        "F1Measure": 0.07473309608540926,
        "F3Measure": 0.27272727272727276,
        "NNR": 24.40909090909091,
        "NumRet": 536,
        "Precision": 0.03917910447761194,
        "Recall": 0.8076923076923077,
        "nDCG": 0.3649528310702161
    },
    "CD008760": {
        "F0.5Measure": 0.4605263157894738,
        "F1Measure": 0.5,
        "F3Measure": 0.5645161290322582,
        "NNR": 2.125,
        "NumRet": 16,
        "Precision": 0.4375,
        "Recall": 0.5833333333333334,
        "nDCG": 0.4627662321903322
    },
    "CD008782": {
        "F0.5Measure": 0.006583278472679394,
        "F1Measure": 0.010230179028132991,
        "F3Measure": 0.03913894324853229,
        "NNR": 161.28571428571428,
        "NumRet": 1128,
        "Precision": 0.005319148936170213,
        "Recall": 0.13333333333333333,
        "nDCG": 0.0952299622895651
    },
    "CD008803": {
        "F0.5Measure": 0.02962124742062171,
        "F1Measure": 0.04647519582245431,
        "F3Measure": 0.19255733448723494,
        "NNR": 41.46666666666667,
        "NumRet": 3731,
        "Precision": 0.023854194585901902,
        "Recall": 0.898989898989899,
        "nDCG": 0.5316722412124685
    },
    "CD009135": {
        "F0.5Measure": 0.17618793379604913,
        "F1Measure": 0.25095057034220536,
        "F3Measure": 0.5779334500875657,
        "NNR": 6.7164179104477615,
        "NumRet": 449,
        "Precision": 0.14699331848552338,
        "Recall": 0.8571428571428571,
        "nDCG": 0.6093834636724255
    },
    "CD009185": {
        "F0.5Measure": 0.08992007104795736,
        "F1Measure": 0.13556485355648537,
        "F3Measure": 0.41947177628171933,
        "NNR": 13.463414634146341,
        "NumRet": 1103,
        "Precision": 0.07343608340888486,
        "Recall": 0.8804347826086957,
        "nDCG": 0.6092721116303444
    },
    "CD009372": {
        "F0.5Measure": 0.14354066985645933,
        "F1Measure": 0.16901408450704222,
        "F3Measure": 0.22140221402214022,
        "NNR": 6.714285714285714,
        "NumRet": 46,
        "Precision": 0.13043478260869565,
        "Recall": 0.24,
        "nDCG": 0.3480664729915278
    },
    "CD009519": {
        "F0.5Measure": 0.025554588951718134,
        "F1Measure": 0.04020530367835757,
        "F3Measure": 0.1706608569353667,
        "NNR": 48.136842105263156,
        "NumRet": 4572,
        "Precision": 0.020559930008748905,
        "Recall": 0.9038461538461539,
        "nDCG": 0.43123911223240013
    },
    "CD009551": {
        "F0.5Measure": 0.18036072144288576,
        "F1Measure": 0.2535211267605634,
        "F3Measure": 0.5521472392638037,
        "NNR": 6.45945945945946,
        "NumRet": 238,
        "Precision": 0.15126050420168066,
        "Recall": 0.782608695652174,
        "nDCG": 0.46569425089295463
    },
    "CD009579": {
        "F0.5Measure": 0.02970689199894375,
        "F1Measure": 0.045067601402103155,
        "F3Measure": 0.14511447920025797,
        "NNR": 40.43478260869565,
        "NumRet": 1859,
        "Precision": 0.02420656266810113,
        "Recall": 0.32608695652173914,
        "nDCG": 0.3272191958827755
    },
    "CD009647": {
        "F0.5Measure": 0.06060606060606061,
        "F1Measure": 0.09116809116809117,
        "F3Measure": 0.2782608695652174,
        "NNR": 19.606060606060606,
        "NumRet": 646,
        "Precision": 0.04953560371517028,
        "Recall": 0.5714285714285714,
        "nDCG": 0.3558923390115697
    },
    "CD009786": {
        "F0.5Measure": 0.008816120906801008,
        "F1Measure": 0.013999999999999999,
        "F3Measure": 0.06481481481481483,
        "NNR": 123.875,
        "NumRet": 990,
        "Precision": 0.007070707070707071,
        "Recall": 0.7,
        "nDCG": 0.16426754201929294
    },
    "CD009925": {
        "F0.5Measure": 0.1250312578144536,
        "F1Measure": 0.1841620626151013,
        "F3Measure": 0.4985044865403788,
        "NNR": 9.688279301745636,
        "NumRet": 3884,
        "Precision": 0.10298661174047374,
        "Recall": 0.8695652173913043,
        "nDCG": 0.7172543498266898
    },
    "CD010023": {
        "F0.5Measure": 0.06713211600429647,
        "F1Measure": 0.10309278350515465,
        "F3Measure": 0.36075036075036077,
        "NNR": 18.019607843137255,
        "NumRet": 918,
        "Precision": 0.054466230936819175,
        "Recall": 0.9615384615384616,
        "nDCG": 0.636061458881696
    },
    "CD010173": {
        "F0.5Measure": 0.015263846489315306,
        "F1Measure": 0.024179620034542312,
        "F3Measure": 0.10931806350858926,
        "NNR": 77.95454545454545,
        "NumRet": 1714,
        "Precision": 0.012252042007001166,
        "Recall": 0.9130434782608695,
        "nDCG": 0.3508644228435698
    },
    "CD010276": {
        "F0.5Measure": 0.02916073968705548,
        "F1Measure": 0.04560622914349277,
        "F3Measure": 0.18385650224215247,
        "NNR": 41.54761904761905,
        "NumRet": 1744,
        "Precision": 0.023509174311926607,
        "Recall": 0.7592592592592593,
        "nDCG": 0.40963140171749934
    },
    "CD010339": {
        "F0.5Measure": 0.013080739738385206,
        "F1Measure": 0.02061122956645345,
        "F3Measure": 0.08868501529051988,
        "NNR": 93.47457627118644,
        "NumRet": 5514,
        "Precision": 0.01051867972433805,
        "Recall": 0.5087719298245614,
        "nDCG": 0.28962343690528797
    },
    "CD010386": {
        "F0.5Measure": 0.008183306055646482,
        "F1Measure": 0.013029315960912053,
        "F3Measure": 0.061919504643962855,
        "NNR": 102,
        "NumRet": 305,
        "Precision": 0.006557377049180328,
        "Recall": 1,
        "nDCG": 0.21168858309390795
    },
    "CD010542": {
        "F0.5Measure": 0,
        "F1Measure": 0,
        "F3Measure": 0,
        "NNR": 28,
        "NumRet": 27,
        "Precision": 0,
        "Recall": 0,
        "nDCG": 0
    },
    "CD010633": {
        "F0.5Measure": 0.02392344497607656,
        "F1Measure": 0.03773584905660378,
        "F3Measure": 0.1639344262295082,
        "NNR": 41.8,
        "NumRet": 208,
        "Precision": 0.019230769230769232,
        "Recall": 1,
        "nDCG": 0.3292938315314687
    },
    "CD010653": {
        "F0.5Measure": 0.009839829442956322,
        "F1Measure": 0.01562839157803343,
        "F3Measure": 0.07247835715723777,
        "NNR": 123.32432432432432,
        "NumRet": 4562,
        "Precision": 0.00789127575624726,
        "Recall": 0.8,
        "nDCG": 0.43264736597608694
    },
    "CD010705": {
        "F0.5Measure": 0,
        "F1Measure": 0,
        "F3Measure": 0,
        "NNR": 16,
        "NumRet": 15,
        "Precision": 0,
        "Recall": 0,
        "nDCG": 0
    },
    "CD010772": {
        "F0.5Measure": 0.1839738348323794,
        "F1Measure": 0.26392961876832843,
        "F3Measure": 0.6276150627615062,
        "NNR": 6.413043478260869,
        "NumRet": 294,
        "Precision": 0.15306122448979592,
        "Recall": 0.9574468085106383,
        "nDCG": 0.8252589202027171
    },
    "CD010775": {
        "F0.5Measure": 0.053248136315228976,
        "F1Measure": 0.0823045267489712,
        "F3Measure": 0.3021148036253777,
        "NNR": 21.181818181818183,
        "NumRet": 232,
        "Precision": 0.04310344827586207,
        "Recall": 0.9090909090909091,
        "nDCG": 0.686088262544208
    },
    "CD010783": {
        "F0.5Measure": 0.0035227215540234516,
        "F1Measure": 0.005623619200642699,
        "F3Measure": 0.02745636399293979,
        "NNR": 342.37931034482756,
        "NumRet": 9928,