{
    "CD007431": {
        "F0.5Measure": 0.014864864864864866,
        "F1Measure": 0.023554603854389723,
        "F3Measure": 0.10679611650485436,
        "NNR": 80.21739130434783,
        "NumRet": 1844,
        "Precision": 0.01193058568329718,
        "Recall": 0.9166666666666666,
        "nDCG": 0.39507233401698144
    },
    "CD008081": {
        "F0.5Measure": 0.04768392370572207,
        "F1Measure": 0.0736842105263158,
        "F3Measure": 0.2699228791773779,
        "NNR": 24.772727272727273,
        "NumRet": 544,
        "Precision": 0.03860294117647059,
        "Recall": 0.8076923076923077,
        "nDCG": 0.36553864269472097
    },
    "CD008760": {
        "F0.5Measure": 0.3225806451612903,
        "F1Measure": 0.4,
        "F3Measure": 0.5882352941176471,
        "NNR": 3.2222222222222223,
        "NumRet": 28,
        "Precision": 0.2857142857142857,
        "Recall": 0.6666666666666666,
        "nDCG": 0.6200045661097433
    },
    "CD008782": {
        "F0.5Measure": 0.006194827319188478,
        "F1Measure": 0.00970873786407767,
        "F3Measure": 0.0398406374501992,
        "NNR": 178.22222222222223,
        "NumRet": 1603,
        "Precision": 0.004990642545227698,
        "Recall": 0.17777777777777778,
        "nDCG": 0.09485264532620699
    },
    "CD008803": {
        "F0.5Measure": 0.028644995172191823,
        "F1Measure": 0.044972208185952496,
        "F3Measure": 0.18736842105263155,
        "NNR": 42.888888888888886,
        "NumRet": 3859,
        "Precision": 0.023062969681264575,
        "Recall": 0.898989898989899,
        "nDCG": 0.5387690373637537
    },
    "CD009135": {
        "F0.5Measure": 0.15483870967741936,
        "F1Measure": 0.22535211267605637,
        "F3Measure": 0.5737051792828685,
        "NNR": 7.712328767123288,
        "NumRet": 562,
        "Precision": 0.12811387900355872,
        "Recall": 0.935064935064935,
        "nDCG": 0.6435545787344594
    },
    "CD009185": {
        "F0.5Measure": 0.07841672890216579,
        "F1Measure": 0.11931818181818181,
        "F3Measure": 0.39179104477611937,
        "NNR": 15.494117647058824,
        "NumRet": 1316,
        "Precision": 0.06382978723404255,
        "Recall": 0.9130434782608695,
        "nDCG": 0.7272865081955384
    },
    "CD009372": {
        "F0.5Measure": 0.09966777408637874,
        "F1Measure": 0.1276595744680851,
        "F3Measure": 0.20408163265306123,
        "NNR": 10,
        "NumRet": 69,
        "Precision": 0.08695652173913043,
        "Recall": 0.24,
        "nDCG": 0.24880321624317694
    },
    "CD009519": {
        "F0.5Measure": 0.023198420533070092,
        "F1Measure": 0.03655454015166246,
        "F3Measure": 0.15732217573221757,
        "NNR": 53.05263157894737,
        "NumRet": 5039,
        "Precision": 0.01865449493947212,
        "Recall": 0.9038461538461539,
        "nDCG": 0.4377070229208159
    },
    "CD009551": {
        "F0.5Measure": 0.0874439461883408,
        "F1Measure": 0.13175675675675674,
        "F3Measure": 0.40625,
        "NNR": 13.675,
        "NumRet": 546,
        "Precision": 0.07142857142857142,
        "Recall": 0.8478260869565217,
        "nDCG": 0.45167260385369473
    },
    "CD009579": {
        "F0.5Measure": 0.02782105497440463,
        "F1Measure": 0.0425531914893617,
        "F3Measure": 0.14475969889982632,
        "NNR": 43.3921568627451,
        "NumRet": 2212,
        "Precision": 0.022603978300180832,
        "Recall": 0.36231884057971014,
        "nDCG": 0.368921475644165
    },
    "CD009647": {
        "F0.5Measure": 0.03296703296703297,
        "F1Measure": 0.051172707889125806,
        "F3Measure": 0.1940700808625337,
        "NNR": 36.54054054054054,
        "NumRet": 1351,
        "Precision": 0.026646928201332347,
        "Recall": 0.6428571428571429,
        "nDCG": 0.33358413260963815
    },
    "CD009786": {
        "F0.5Measure": 0.008060801473975126,
        "F1Measure": 0.012808783165599268,
        "F3Measure": 0.05967604433077579,
        "NNR": 135.5,
        "NumRet": 1083,
        "Precision": 0.006463527239150508,
        "Recall": 0.7,
        "nDCG": 0.16230492152541626
    },
    "CD009925": {
        "F0.5Measure": 0.10857053160318124,
        "F1Measure": 0.16201444466133125,
        "F3Measure": 0.47143019425195953,
        "NNR": 11.211538461538462,
        "NumRet": 4663,
        "Precision": 0.08899849882050183,
        "Recall": 0.9021739130434783,
        "nDCG": 0.7483782803320222
    },
    "CD010023": {
        "F0.5Measure": 0.06713211600429647,
        "F1Measure": 0.10309278350515465,
        "F3Measure": 0.36075036075036077,
        "NNR": 18.019607843137255,
        "NumRet": 918,
        "Precision": 0.054466230936819175,
        "Recall": 0.9615384615384616,
        "nDCG": 0.6584449391746738
    },
    "CD010173": {
        "F0.5Measure": 0.010825858335910921,
        "F1Measure": 0.0171990171990172,
        "F3Measure": 0.07996953541507998,
        "NNR": 110,
        "NumRet": 2419,
        "Precision": 0.0086812732534105,
        "Recall": 0.9130434782608695,
        "nDCG": 0.3503400843175124
    },
    "CD010276": {
        "F0.5Measure": 0.02098740755546672,
        "F1Measure": 0.03304484657749804,
        "F3Measure": 0.14122394082044387,
        "NNR": 57.883720930232556,
        "NumRet": 2488,
        "Precision": 0.016881028938906754,
        "Recall": 0.7777777777777778,
        "nDCG": 0.43047270402609494
    },
    "CD010339": {
        "F0.5Measure": 0.01372756071805702,
        "F1Measure": 0.021702838063439065,
        "F3Measure": 0.0962962962962963,
        "NNR": 89.55696202531645,
        "NumRet": 7074,
        "Precision": 0.01102629346904156,
        "Recall": 0.6842105263157895,
        "nDCG": 0.3621364404671347
    },
    "CD010386": {
        "F0.5Measure": 0.005889281507656066,
        "F1Measure": 0.009389671361502346,
        "F3Measure": 0.045248868778280535,
        "NNR": 141.66666666666666,
        "NumRet": 424,
        "Precision": 0.0047169811320754715,
        "Recall": 1,
        "nDCG": 0.1918620338089927
    },
    "CD010542": {
        "F0.5Measure": 0,
        "F1Measure": 0,
        "F3Measure": 0,
        "NNR": 29,
        "NumRet": 28,
        "Precision": 0,
        "Recall": 0,
        "nDCG": 0
    },
    "CD010633": {
        "F0.5Measure": 0.016286644951140065,
        "F1Measure": 0.02580645161290323,
        "F3Measure": 0.11695906432748539,
        "NNR": 61.4,
        "NumRet": 306,
        "Precision": 0.013071895424836602,
        "Recall": 1,
        "nDCG": 0.28973917388957315
    },
    "CD010653": {
        "F0.5Measure": 0.009839829442956322,
        "F1Measure": 0.01562839157803343,
        "F3Measure": 0.07247835715723777,
        "NNR": 123.32432432432432,
        "NumRet": 4562,
        "Precision": 0.00789127575624726,
        "Recall": 0.8,
        "nDCG": 0.43264736597608694
    },
    "CD010705": {
        "F0.5Measure": 0.046728971962616814,
        "F1Measure": 0.04545454545454545,
        "F3Measure": 0.04385964912280701,
        "NNR": 11,
        "NumRet": 21,
        "Precision": 0.047619047619047616,
        "Recall": 0.043478260869565216,
        "nDCG": 0.03409402950069374
    },
    "CD010772": {
        "F0.5Measure": 0.1839738348323794,
        "F1Measure": 0.26392961876832843,
        "F3Measure": 0.6276150627615062,
        "NNR": 6.413043478260869,
        "NumRet": 294,
        "Precision": 0.15306122448979592,
        "Recall": 0.9574468085106383,
        "nDCG": 0.874078247576371
    },
    "CD010775": {
        "F0.5Measure": 0.053248136315228976,
        "F1Measure": 0.0823045267489712,
        "F3Measure": 0.3021148036253777,
        "NNR": 21.181818181818183,
        "NumRet": 232,
        "Precision": 0.04310344827586207,
        "Recall": 0.9090909090909091,
        "nDCG": 0.7044307730415711
    },
    "CD010783": {
        "F0.5Measure": 0.0035227215540234516,
        "F1Measure": 0.005623619200642699,