{
    "CD008122": {
        "F0.5Measure": 0.17180394138453764,
        "F1Measure": 0.24919835089326614,
        "F3Measure": 0.6239963294333563,
        "NNR": 7.003663003663004,
        "NumRet": 1911,
        "Precision": 0.1423338566195709,
        "Recall": 1,
        "nDCG": 0.9291398419881852
    },
    "CD008587": {
        "F0.5Measure": 0.010766756616785236,
        "F1Measure": 0.01711623876069765,
        "F3Measure": 0.0800973334685187,
        "NNR": 114.4125,
        "NumRet": 9152,
        "Precision": 0.008631993006993006,
        "Recall": 1,
        "nDCG": 0.5323709395719554
    },
    "CD008759": {
        "F0.5Measure": 0.07919746568109819,
        "F1Measure": 0.12096774193548386,
        "F3Measure": 0.4076086956521739,
        "NNR": 15.295081967213115,
        "NumRet": 932,
        "Precision": 0.06437768240343347,
        "Recall": 1,
        "nDCG": 0.8294734420975415
    },
    "CD008892": {
        "F0.5Measure": 0.05688375927452597,
        "F1Measure": 0.08801020408163267,
        "F3Measure": 0.3254716981132076,
        "NNR": 21.428571428571427,
        "NumRet": 1499,
        "Precision": 0.046030687124749836,
        "Recall": 1,
        "nDCG": 0.8029235471909175
    },
    "CD009175": {
        "F0.5Measure": 0.014354489642683627,
        "F1Measure": 0.02277106323349098,
        "F3Measure": 0.10435061807673783,
        "NNR": 85.53030303030303,
        "NumRet": 5644,
        "Precision": 0.01151665485471297,
        "Recall": 1,
        "nDCG": 0.6053796506722247
    },
    "CD009263": {
        "F0.5Measure": 0.0019419665230029069,
        "F1Measure": 0.003103530265677208,
        "F3Measure": 0.015327375434172633,
        "NNR": 638.288,
        "NumRet": 79785,
        "Precision": 0.0015541768502851413,
        "Recall": 1,
        "nDCG": 0.39550073411511766
    },
    "CD009694": {
        "F0.5Measure": 0.12121212121212119,
        "F1Measure": 0.1807909604519774,
        "F3Measure": 0.5245901639344261,
        "NNR": 9.529411764705882,
        "NumRet": 161,
        "Precision": 0.09937888198757763,
        "Recall": 1,
        "nDCG": 0.9536229199024115
    },
    "CD010213": {
        "F0.5Measure": 0.048785652620090894,
        "F1Measure": 0.07583718427549535,
        "F3Measure": 0.29093205109524506,
        "NNR": 25.331666666666667,
        "NumRet": 15198,
        "Precision": 0.039413080668509015,
        "Recall": 1,
        "nDCG": 0.7326147643242186
    },
    "CD010296": {
        "F0.5Measure": 0.014354585342072476,
        "F1Measure": 0.022771213748657353,
        "F3Measure": 0.10435125024611143,
        "NNR": 85.24074074074075,
        "NumRet": 4602,
        "Precision": 0.011516731855714906,
        "Recall": 1,
        "nDCG": 0.6367906809539499
    },
    "CD010502": {
        "F0.5Measure": 0.09409154408743531,
        "F1Measure": 0.14250155569383946,
        "F3Measure": 0.453824811732065,
        "NNR": 12.982608695652173,
        "NumRet": 2985,
        "Precision": 0.07671691792294807,
        "Recall": 1,
        "nDCG": 0.8506174505295966
    },
    "CD010657": {
        "F0.5Measure": 0.09174917491749174,
        "F1Measure": 0.13913913913913914,
        "F3Measure": 0.44694533762057875,
        "NNR": 13.285714285714286,
        "NumRet": 1859,
        "Precision": 0.07477138246369015,
        "Recall": 1,
        "nDCG": 0.7280508036160194
    },
    "CD010680": {
        "F0.5Measure": 0.0038637579504250136,
        "F1Measure": 0.006167714387379908,
        "F3Measure": 0.030096075934714667,
        "NNR": 311.3333333333333,
        "NumRet": 8405,
        "Precision": 0.003093396787626413,
        "Recall": 1,
        "nDCG": 0.45908005614524805
    },
    "CD010864": {
        "F0.5Measure": 0.021860095389507155,
        "F1Measure": 0.0345233424872499,
        "F3Measure": 0.15167183729748362,
        "NNR": 55.68888888888889,
        "NumRet": 2505,
        "Precision": 0.017564870259481037,
        "Recall": 1,
        "nDCG": 0.5444447329663703
    },
    "CD011053": {
        "F0.5Measure": 0.006702412868632708,
        "F1Measure": 0.010680907877169559,
        "F3Measure": 0.05121638924455826,
        "NNR": 172,
        "NumRet": 2235,
        "Precision": 0.005369127516778523,
        "Recall": 1,
        "nDCG": 0.7216055267507354
    },
    "CD011126": {
        "F0.5Measure": 0.0027068671136467747,
        "F1Measure": 0.00432396474305671,
        "F3Measure": 0.02125224783390551,
        "NNR": 428.64285714285717,
        "NumRet": 6000,
        "Precision": 0.0021666666666666666,
        "Recall": 1,
        "nDCG": 0.7769908115004169
    },
    "CD011420": {
        "F0.5Measure": 0.20076481835564053,
        "F1Measure": 0.28668941979522183,
        "F3Measure": 0.6677265500794912,
        "NNR": 5.8604651162790695,
        "NumRet": 251,
        "Precision": 0.16733067729083664,
        "Recall": 1,
        "nDCG": 0.8829507527087366
    },
    "CD011431": {
        "F0.5Measure": 0.2955223880597015,
        "F1Measure": 0.4016227180527383,
        "F3Measure": 0.7704280155642024,
        "NNR": 3.969798657718121,
        "NumRet": 1182,
        "Precision": 0.2512690355329949,
        "Recall": 1,
        "nDCG": 0.8504169357881805
    },
    "CD011515": {
        "F0.5Measure": 0.021819056454661027,
        "F1Measure": 0.034459367792701125,
        "F3Measure": 0.15142482413258615,
        "NNR": 56.6015625,
        "NumRet": 7244,
        "Precision": 0.017531750414135835,
        "Recall": 1,
        "nDCG": 0.5874662408618258
    },
    "CD011602": {
        "F0.5Measure": 0.0006597176408497164,
        "F1Measure": 0.0010551305724083356,
        "F3Measure": 0.005253480430785396,
        "NNR": 1684.111111111111,
        "NumRet": 15156,
        "Precision": 0.0005278437582475588,
        "Recall": 1,
        "nDCG": 0.27116773278117146
    },
    "CD011686": {
        "F0.5Measure": 0.003980949347848117,
        "F1Measure": 0.0063543411703541105,
        "F3Measure": 0.030984169905920792,
        "NNR": 308.1607142857143,
        "NumRet": 17256,
        "Precision": 0.0031872971719981457,
        "Recall": 1,
        "nDCG": 0.5771116887242131
    },
    "CD011912": {
        "F0.5Measure": 0.03180212014134275,
        "F1Measure": 0.049930651872399444,
        "F3Measure": 0.20809248554913296,
        "NNR": 38.027027027027025,
        "NumRet": 1406,
        "Precision": 0.025604551920341393,
        "Recall": 1,
        "nDCG": 0.6245614518914975
    },
    "CD011926": {
        "F0.5Measure": 0.012315270935960592,
        "F1Measure": 0.019559902200488994,
        "F3Measure": 0.09070294784580499,
        "NNR": 98.8048780487805,
        "NumRet": 4050,
        "Precision": 0.009876543209876543,
        "Recall": 1,
        "nDCG": 0.7382001011756482
    },
    "CD012009": {
        "F0.5Measure": 0.08482347546996791,
        "F1Measure": 0.12914485165794068,
        "F3Measure": 0.425776754890679,
        "NNR": 14.131578947368421,
        "NumRet": 536,
        "Precision": 0.06902985074626866,
        "Recall": 1,
        "nDCG": 0.8605024015553623
    },
    "CD012010": {
        "F0.5Measure": 0.04690431519699812,
        "F1Measure": 0.07299270072992702,
        "F3Measure": 0.2824858757062147,
        "NNR": 26.3127147766323,
        "NumRet": 7656,
        "Precision": 0.03787878787878788,
        "Recall": 1,
        "nDCG": 0.7544201313003317
    },
    "CD012083": {
        "F0.5Measure": 0.042340261739799843,
        "F1Measure": 0.06606606606606608,
        "F3Measure": 0.2612826603325416,
        "NNR": 26.916666666666668,
        "NumRet": 322,
        "Precision": 0.034161490683229816,
        "Recall": 1,
        "nDCG": 0.7922523994579621
    },
    "CD012165": {
        "F0.5Measure": 0.037382270123312945,
        "F1Measure": 0.058499525166191835,
        "F3Measure": 0.23703247652762816,
        "NNR": 33.08414239482201,
        "NumRet": 10222,
        "Precision": 0.030131089806300138,
        "Recall": 1,