{
    "CD008122": {
        "F0.5Measure": 0.17180394138453764,
        "F1Measure": 0.24919835089326614,
        "F3Measure": 0.6239963294333563,
        "NNR": 7.003663003663004,
        "NumRet": 1911,
        "Precision": 0.1423338566195709,
        "Recall": 1,
        "nDCG": 0.9228827707180391
    },
    "CD008587": {
        "F0.5Measure": 0.01075971779575604,
        "F1Measure": 0.01710512071018729,
        "F3Measure": 0.08004863714662074,
        "NNR": 114.4875,
        "NumRet": 9158,
        "Precision": 0.008626337628303123,
        "Recall": 1,
        "nDCG": 0.49505861232047055
    },
    "CD008759": {
        "F0.5Measure": 0.07919746568109819,
        "F1Measure": 0.12096774193548386,
        "F3Measure": 0.4076086956521739,
        "NNR": 15.295081967213115,
        "NumRet": 932,
        "Precision": 0.06437768240343347,
        "Recall": 1,
        "nDCG": 0.5491742930320169
    },
    "CD008892": {
        "F0.5Measure": 0.05688375927452597,
        "F1Measure": 0.08801020408163267,
        "F3Measure": 0.3254716981132076,
        "NNR": 21.428571428571427,
        "NumRet": 1499,
        "Precision": 0.046030687124749836,
        "Recall": 1,
        "nDCG": 0.7616328713047724
    },
    "CD009175": {
        "F0.5Measure": 0.014354489642683627,
        "F1Measure": 0.02277106323349098,
        "F3Measure": 0.10435061807673783,
        "NNR": 85.53030303030303,
        "NumRet": 5644,
        "Precision": 0.01151665485471297,
        "Recall": 1,
        "nDCG": 0.5822738332537195
    },
    "CD009263": {
        "F0.5Measure": 0.0004969191015702644,
        "F1Measure": 0.00078064012490242,
        "F3Measure": 0.003270111183780249,
        "NNR": 1667,
        "NumRet": 5000,
        "Precision": 0.0004,
        "Recall": 0.016129032258064516,
        "nDCG": 0.02022586775259977
    },
    "CD009694": {
        "F0.5Measure": 0.12121212121212119,
        "F1Measure": 0.1807909604519774,
        "F3Measure": 0.5245901639344261,
        "NNR": 9.529411764705882,
        "NumRet": 161,
        "Precision": 0.09937888198757763,
        "Recall": 1,
        "nDCG": 0.7261961897369179
    },
    "CD010213": {
        "F0.5Measure": 0.048785652620090894,
        "F1Measure": 0.07583718427549535,
        "F3Measure": 0.29093205109524506,
        "NNR": 25.331666666666667,
        "NumRet": 15198,
        "Precision": 0.039413080668509015,
        "Recall": 1,
        "nDCG": 0.6652400606898351
    },
    "CD010296": {
        "F0.5Measure": 0.014354585342072476,
        "F1Measure": 0.022771213748657353,
        "F3Measure": 0.10435125024611143,
        "NNR": 85.24074074074075,
        "NumRet": 4602,
        "Precision": 0.011516731855714906,
        "Recall": 1,
        "nDCG": 0.5161510206348927
    },
    "CD010502": {
        "F0.5Measure": 0.09409154408743531,
        "F1Measure": 0.14250155569383946,
        "F3Measure": 0.453824811732065,
        "NNR": 12.982608695652173,
        "NumRet": 2985,
        "Precision": 0.07671691792294807,
        "Recall": 1,
        "nDCG": 0.7561443842171371
    },
    "CD010657": {
        "F0.5Measure": 0.09174917491749174,
        "F1Measure": 0.13913913913913914,
        "F3Measure": 0.44694533762057875,
        "NNR": 13.285714285714286,
        "NumRet": 1859,
        "Precision": 0.07477138246369015,
        "Recall": 1,
        "nDCG": 0.7220872505363601
    },
    "CD010680": {
        "F0.5Measure": 0.0038637579504250136,
        "F1Measure": 0.006167714387379908,
        "F3Measure": 0.030096075934714667,
        "NNR": 311.3333333333333,
        "NumRet": 8405,
        "Precision": 0.003093396787626413,
        "Recall": 1,
        "nDCG": 0.40285018894710606
    },
    "CD010864": {
        "F0.5Measure": 0.021860095389507155,
        "F1Measure": 0.0345233424872499,
        "F3Measure": 0.15167183729748362,
        "NNR": 55.68888888888889,
        "NumRet": 2505,
        "Precision": 0.017564870259481037,
        "Recall": 1,
        "nDCG": 0.5300015181265062
    },
    "CD011053": {
        "F0.5Measure": 0.006702412868632708,
        "F1Measure": 0.010680907877169559,
        "F3Measure": 0.05121638924455826,
        "NNR": 172,
        "NumRet": 2235,
        "Precision": 0.005369127516778523,
        "Recall": 1,
        "nDCG": 0.5231796922063823
    },
    "CD011126": {
        "F0.5Measure": 0.003743916136278548,
        "F1Measure": 0.005961251862891207,
        "F3Measure": 0.02834199338686821,
        "NNR": 285.85714285714283,
        "NumRet": 2000,
        "Precision": 0.003,
        "Recall": 0.46153846153846156,
        "nDCG": 0.43402942773626074
    },
    "CD011420": {
        "F0.5Measure": 0.20076481835564053,
        "F1Measure": 0.28668941979522183,
        "F3Measure": 0.6677265500794912,
        "NNR": 5.8604651162790695,
        "NumRet": 251,
        "Precision": 0.16733067729083664,
        "Recall": 1,
        "nDCG": 0.8805904029993377
    },
    "CD011431": {
        "F0.5Measure": 0.2955223880597015,
        "F1Measure": 0.4016227180527383,
        "F3Measure": 0.7704280155642024,
        "NNR": 3.969798657718121,
        "NumRet": 1182,
        "Precision": 0.2512690355329949,
        "Recall": 1,
        "nDCG": 0.8606515718319739
    },
    "CD011515": {
        "F0.5Measure": 0.021819056454661027,
        "F1Measure": 0.034459367792701125,
        "F3Measure": 0.15142482413258615,
        "NNR": 56.6015625,
        "NumRet": 7244,
        "Precision": 0.017531750414135835,
        "Recall": 1,
        "nDCG": 0.4545654841807173
    },
    "CD011602": {
        "F0.5Measure": 0.001623640201331385,
        "F1Measure": 0.0025952960259529602,
        "F3Measure": 0.012843152994060043,
        "NNR": 684.2222222222222,
        "NumRet": 6157,
        "Precision": 0.0012993340912782199,
        "Recall": 1,
        "nDCG": 0.2658042840385616
    },
    "CD011686": {
        "F0.5Measure": 0.0072699394612313955,
        "F1Measure": 0.011581385554853654,
        "F3Measure": 0.055343127389816865,
        "NNR": 168.64285714285714,
        "NumRet": 9443,
        "Precision": 0.005824420205443185,
        "Recall": 1,
        "nDCG": 0.6375155077264393
    },
    "CD011912": {
        "F0.5Measure": 0.03180212014134275,
        "F1Measure": 0.049930651872399444,
        "F3Measure": 0.20809248554913296,
        "NNR": 38.027027027027025,
        "NumRet": 1406,
        "Precision": 0.025604551920341393,
        "Recall": 1,
        "nDCG": 0.5813873236179053
    },
    "CD011926": {
        "F0.5Measure": 0.012315270935960592,
        "F1Measure": 0.019559902200488994,
        "F3Measure": 0.09070294784580499,
        "NNR": 98.8048780487805,
        "NumRet": 4050,
        "Precision": 0.009876543209876543,
        "Recall": 1,
        "nDCG": 0.632457153368335
    },
    "CD012009": {
        "F0.5Measure": 0.08482347546996791,
        "F1Measure": 0.12914485165794068,
        "F3Measure": 0.425776754890679,
        "NNR": 14.131578947368421,
        "NumRet": 536,
        "Precision": 0.06902985074626866,
        "Recall": 1,
        "nDCG": 0.7687018573834805
    },
    "CD012010": {
        "F0.5Measure": 0.05251720391162622,
        "F1Measure": 0.08146067415730338,
        "F3Measure": 0.3072033898305085,
        "NNR": 23.47422680412371,
        "NumRet": 6830,
        "Precision": 0.0424597364568082,
        "Recall": 1,
        "nDCG": 0.5501849951599055
    },
    "CD012083": {
        "F0.5Measure": 0.042340261739799843,
        "F1Measure": 0.06606606606606608,
        "F3Measure": 0.2612826603325416,
        "NNR": 26.916666666666668,
        "NumRet": 322,
        "Precision": 0.034161490683229816,
        "Recall": 1,
        "nDCG": 0.8003686248497145
    },
    "CD012165": {
        "F0.5Measure": 0.037382270123312945,
        "F1Measure": 0.058499525166191835,
        "F3Measure": 0.23703247652762816,
        "NNR": 33.08414239482201,
        "NumRet": 10222,
        "Precision": 0.030131089806300138,
        "Recall": 1,