{
    "CD008122": {
        "F0.5Measure": 0.17180394138453764,
        "F1Measure": 0.24919835089326614,
        "F3Measure": 0.6239963294333563,
        "NNR": 7.003663003663004,
        "NumRet": 1911,
        "Precision": 0.1423338566195709,
        "Recall": 1,
        "nDCG": 0.9471406331102377
    },
    "CD008587": {
        "F0.5Measure": 0.01075971779575604,
        "F1Measure": 0.01710512071018729,
        "F3Measure": 0.08004863714662074,
        "NNR": 114.4875,
        "NumRet": 9158,
        "Precision": 0.008626337628303123,
        "Recall": 1,
        "nDCG": 0.4955120295058594
    },
    "CD008759": {
        "F0.5Measure": 0.07919746568109819,
        "F1Measure": 0.12096774193548386,
        "F3Measure": 0.4076086956521739,
        "NNR": 15.295081967213115,
        "NumRet": 932,
        "Precision": 0.06437768240343347,
        "Recall": 1,
        "nDCG": 0.782638482374869
    },
    "CD008892": {
        "F0.5Measure": 0.05688375927452597,
        "F1Measure": 0.08801020408163267,
        "F3Measure": 0.3254716981132076,
        "NNR": 21.428571428571427,
        "NumRet": 1499,
        "Precision": 0.046030687124749836,
        "Recall": 1,
        "nDCG": 0.827364357423555
    },
    "CD009175": {
        "F0.5Measure": 0.014354489642683627,
        "F1Measure": 0.02277106323349098,
        "F3Measure": 0.10435061807673783,
        "NNR": 85.53030303030303,
        "NumRet": 5644,
        "Precision": 0.01151665485471297,
        "Recall": 1,
        "nDCG": 0.5192117054225471
    },
    "CD009263": {
        "F0.5Measure": 0.001941942192765952,
        "F1Measure": 0.003103491427856338,
        "F3Measure": 0.015327185978096958,
        "NNR": 638.296,
        "NumRet": 79786,
        "Precision": 0.0015541573709673376,
        "Recall": 1,
        "nDCG": 0.36761132808462127
    },
    "CD009694": {
        "F0.5Measure": 0.12121212121212119,
        "F1Measure": 0.1807909604519774,
        "F3Measure": 0.5245901639344261,
        "NNR": 9.529411764705882,
        "NumRet": 161,
        "Precision": 0.09937888198757763,
        "Recall": 1,
        "nDCG": 0.8531842899136864
    },
    "CD010213": {
        "F0.5Measure": 0.048785652620090894,
        "F1Measure": 0.07583718427549535,
        "F3Measure": 0.29093205109524506,
        "NNR": 25.331666666666667,
        "NumRet": 15198,
        "Precision": 0.039413080668509015,
        "Recall": 1,
        "nDCG": 0.7113441444333258
    },
    "CD010296": {
        "F0.5Measure": 0.014354585342072476,
        "F1Measure": 0.022771213748657353,
        "F3Measure": 0.10435125024611143,
        "NNR": 85.24074074074075,
        "NumRet": 4602,
        "Precision": 0.011516731855714906,
        "Recall": 1,
        "nDCG": 0.7488251075841607
    },
    "CD010502": {
        "F0.5Measure": 0.09409154408743531,
        "F1Measure": 0.14250155569383946,
        "F3Measure": 0.453824811732065,
        "NNR": 12.982608695652173,
        "NumRet": 2985,
        "Precision": 0.07671691792294807,
        "Recall": 1,
        "nDCG": 0.8564074018730378
    },
    "CD010657": {
        "F0.5Measure": 0.09174917491749174,
        "F1Measure": 0.13913913913913914,
        "F3Measure": 0.44694533762057875,
        "NNR": 13.285714285714286,
        "NumRet": 1859,
        "Precision": 0.07477138246369015,
        "Recall": 1,
        "nDCG": 0.72756337921162
    },
    "CD010680": {
        "F0.5Measure": 0.0038637579504250136,
        "F1Measure": 0.006167714387379908,
        "F3Measure": 0.030096075934714667,
        "NNR": 311.3333333333333,
        "NumRet": 8405,
        "Precision": 0.003093396787626413,
        "Recall": 1,
        "nDCG": 0.35573754582849193
    },
    "CD010864": {
        "F0.5Measure": 0.021860095389507155,
        "F1Measure": 0.0345233424872499,
        "F3Measure": 0.15167183729748362,
        "NNR": 55.68888888888889,
        "NumRet": 2505,
        "Precision": 0.017564870259481037,
        "Recall": 1,
        "nDCG": 0.5654624879202605
    },
    "CD011053": {
        "F0.5Measure": 0.006702412868632708,
        "F1Measure": 0.010680907877169559,
        "F3Measure": 0.05121638924455826,
        "NNR": 172,
        "NumRet": 2235,
        "Precision": 0.005369127516778523,
        "Recall": 1,
        "nDCG": 0.5156191794228815
    },
    "CD011126": {
        "F0.5Measure": 0.0027068671136467747,
        "F1Measure": 0.00432396474305671,
        "F3Measure": 0.02125224783390551,
        "NNR": 428.64285714285717,
        "NumRet": 6000,
        "Precision": 0.0021666666666666666,
        "Recall": 1,
        "nDCG": 0.37144210730424304
    },
    "CD011420": {
        "F0.5Measure": 0.20076481835564053,
        "F1Measure": 0.28668941979522183,
        "F3Measure": 0.6677265500794912,
        "NNR": 5.8604651162790695,
        "NumRet": 251,
        "Precision": 0.16733067729083664,
        "Recall": 1,
        "nDCG": 0.8222871132039348
    },
    "CD011431": {
        "F0.5Measure": 0.2955223880597015,
        "F1Measure": 0.4016227180527383,
        "F3Measure": 0.7704280155642024,
        "NNR": 3.969798657718121,
        "NumRet": 1182,
        "Precision": 0.2512690355329949,
        "Recall": 1,
        "nDCG": 0.9363458614961879
    },
    "CD011515": {
        "F0.5Measure": 0.021819056454661027,
        "F1Measure": 0.034459367792701125,
        "F3Measure": 0.15142482413258615,
        "NNR": 56.6015625,
        "NumRet": 7244,
        "Precision": 0.017531750414135835,
        "Recall": 1,
        "nDCG": 0.6330595600216287
    },
    "CD011602": {
        "F0.5Measure": 0.001623640201331385,
        "F1Measure": 0.0025952960259529602,
        "F3Measure": 0.012843152994060043,
        "NNR": 684.2222222222222,
        "NumRet": 6157,
        "Precision": 0.0012993340912782199,
        "Recall": 1,
        "nDCG": 0.3030238639846359
    },
    "CD011686": {
        "F0.5Measure": 0.0072699394612313955,
        "F1Measure": 0.011581385554853654,
        "F3Measure": 0.055343127389816865,
        "NNR": 168.64285714285714,
        "NumRet": 9443,
        "Precision": 0.005824420205443185,
        "Recall": 1,
        "nDCG": 0.6978786097566498
    },
    "CD011912": {
        "F0.5Measure": 0.03180212014134275,
        "F1Measure": 0.049930651872399444,
        "F3Measure": 0.20809248554913296,
        "NNR": 38.027027027027025,
        "NumRet": 1406,
        "Precision": 0.025604551920341393,
        "Recall": 1,
        "nDCG": 0.6773664464078439
    },
    "CD011926": {
        "F0.5Measure": 0.012315270935960592,
        "F1Measure": 0.019559902200488994,
        "F3Measure": 0.09070294784580499,
        "NNR": 98.8048780487805,
        "NumRet": 4050,
        "Precision": 0.009876543209876543,
        "Recall": 1,
        "nDCG": 0.7014101401695138
    },
    "CD012009": {
        "F0.5Measure": 0.08482347546996791,
        "F1Measure": 0.12914485165794068,
        "F3Measure": 0.425776754890679,
        "NNR": 14.131578947368421,
        "NumRet": 536,
        "Precision": 0.06902985074626866,
        "Recall": 1,
        "nDCG": 0.7576196429691324
    },
    "CD012010": {
        "F0.5Measure": 0.05251720391162622,
        "F1Measure": 0.08146067415730338,
        "F3Measure": 0.3072033898305085,
        "NNR": 23.47422680412371,
        "NumRet": 6830,
        "Precision": 0.0424597364568082,
        "Recall": 1,
        "nDCG": 0.8026381685622301
    },
    "CD012083": {
        "F0.5Measure": 0.042340261739799843,
        "F1Measure": 0.06606606606606608,
        "F3Measure": 0.2612826603325416,
        "NNR": 26.916666666666668,
        "NumRet": 322,
        "Precision": 0.034161490683229816,
        "Recall": 1,
        "nDCG": 0.5796524129002434
    },
    "CD012165": {
        "F0.5Measure": 0.037382270123312945,
        "F1Measure": 0.058499525166191835,
        "F3Measure": 0.23703247652762816,
        "NNR": 33.08414239482201,
        "NumRet": 10222,
        "Precision": 0.030131089806300138,
        "Recall": 1,