{
    "CD007394": {
        "F0.5Measure": 0.4018912529550827,
        "F1Measure": 0.384180790960452,
        "F3Measure": 0.3628601921024546,
        "NNR": 2.3714285714285714,
        "NumRet": 82,
        "Precision": 0.4146341463414634,
        "Recall": 0.35789473684210527,
        "nDCG": 0.37081054897202304
    },
    "CD007427": {
        "F0.5Measure": 0.23323615160349853,
        "F1Measure": 0.1797752808988764,
        "F3Measure": 0.1376936316695353,
        "NNR": 3.2941176470588234,
        "NumRet": 55,
        "Precision": 0.2909090909090909,
        "Recall": 0.13008130081300814,
        "nDCG": 0.15204454124771122
    },
    "CD008054": {
        "F0.5Measure": 0.23134328358208953,
        "F1Measure": 0.16621983914209112,
        "F3Measure": 0.1208576998050682,
        "NNR": 3.125,
        "NumRet": 99,
        "Precision": 0.31313131313131315,
        "Recall": 0.11313868613138686,
        "nDCG": 0.14828682244546015
    },
    "CD008643": {
        "F0.5Measure": 0,
        "F1Measure": 0,
        "F3Measure": 0,
        "NNR": 533,
        "NumRet": 532,
        "Precision": 0,
        "Recall": 0,
        "nDCG": 0
    },
    "CD008686": {
        "F0.5Measure": 0.008183306055646482,
        "F1Measure": 0.012658227848101266,
        "F3Measure": 0.04672897196261683,
        "NNR": 76,
        "NumRet": 151,
        "Precision": 0.006622516556291391,
        "Recall": 0.14285714285714285,
        "nDCG": 0.05847885504273582
    },
    "CD008691": {
        "F0.5Measure": 0.16014234875444838,
        "F1Measure": 0.144,
        "F3Measure": 0.12693935119887165,
        "NNR": 5.3,
        "NumRet": 52,
        "Precision": 0.17307692307692307,
        "Recall": 0.1232876712328767,
        "nDCG": 0.13586573173295538
    },
    "CD009020": {
        "F0.5Measure": 0.11834319526627218,
        "F1Measure": 0.07766990291262135,
        "F3Measure": 0.05326231691078561,
        "NNR": 5,
        "NumRet": 44,
        "Precision": 0.18181818181818182,
        "Recall": 0.04938271604938271,
        "nDCG": 0.08384346547821356
    },
    "CD009323": {
        "F0.5Measure": 0.16417910447761191,
        "F1Measure": 0.16988416988416988,
        "F3Measure": 0.17813765182186234,
        "NNR": 6,
        "NumRet": 137,
        "Precision": 0.16058394160583941,
        "Recall": 0.18032786885245902,
        "nDCG": 0.20315100700840102
    },
    "CD009591": {
        "F0.5Measure": 0.26413690476190477,
        "F1Measure": 0.3198198198198198,
        "F3Measure": 0.44486215538847124,
        "NNR": 4.180555555555555,
        "NumRet": 300,
        "Precision": 0.23666666666666666,
        "Recall": 0.4930555555555556,
        "nDCG": 0.4520211140211307
    },
    "CD009593": {
        "F0.5Measure": 0.08997429305912596,
        "F1Measure": 0.13084112149532712,
        "F3Measure": 0.3317535545023696,
        "NNR": 13.13953488372093,
        "NumRet": 564,
        "Precision": 0.07446808510638298,
        "Recall": 0.5384615384615384,
        "nDCG": 0.5098119985340615
    },
    "CD009944": {
        "F0.5Measure": 0.28301886792452824,
        "F1Measure": 0.19480519480519476,
        "F3Measure": 0.13761467889908255,
        "NNR": 2.375,
        "NumRet": 37,
        "Precision": 0.40540540540540543,
        "Recall": 0.1282051282051282,
        "nDCG": 0.19623447072160413
    },
    "CD010409": {
        "F0.5Measure": 0.015981100611450805,
        "F1Measure": 0.024784482758620687,
        "F3Measure": 0.09334415584415583,
        "NNR": 74.20833333333333,
        "NumRet": 1780,
        "Precision": 0.012921348314606741,
        "Recall": 0.3026315789473684,
        "nDCG": 0.16113258708758027
    },
    "CD010438": {
        "F0.5Measure": 0.09473684210526316,
        "F1Measure": 0.12162162162162163,
        "F3Measure": 0.1956521739130435,
        "NNR": 11,
        "NumRet": 109,
        "Precision": 0.08256880733944955,
        "Recall": 0.23076923076923078,
        "nDCG": 0.2537395950165998
    },
    "CD010632": {
        "F0.5Measure": 0.07936507936507936,
        "F1Measure": 0.09195402298850575,
        "F3Measure": 0.11661807580174928,
        "NNR": 11.2,
        "NumRet": 55,
        "Precision": 0.07272727272727272,
        "Recall": 0.125,
        "nDCG": 0.11899111124921573
    },
    "CD011134": {
        "F0.5Measure": 0.12024048096192386,
        "F1Measure": 0.08391608391608392,
        "F3Measure": 0.05982053838484547,
        "NNR": 5.538461538461538,
        "NumRet": 71,
        "Precision": 0.16901408450704225,
        "Recall": 0.05581395348837209,
        "nDCG": 0.10250454129411596
    },
    "CD011548": {
        "F0.5Measure": 0.08736167734420501,
        "F1Measure": 0.11673151750972763,
        "F3Measure": 0.21156558533145275,
        "NNR": 12.96774193548387,
        "NumRet": 401,
        "Precision": 0.07481296758104738,
        "Recall": 0.26548672566371684,
        "nDCG": 0.2597925636502648
    },
    "CD011549": {
        "F0.5Measure": 0.0032258064516129037,
        "F1Measure": 0.0051413881748071984,
        "F3Measure": 0.024691358024691357,
        "NNR": 194,
        "NumRet": 387,
        "Precision": 0.002583979328165375,
        "Recall": 0.5,
        "nDCG": 0.08470750322019563
    },
    "CD011975": {
        "F0.5Measure": 0.26821005081874644,
        "F1Measure": 0.20948180815876513,
        "F3Measure": 0.16214371053080728,
        "NNR": 3.0104166666666665,
        "NumRet": 288,
        "Precision": 0.3298611111111111,
        "Recall": 0.15347334410339256,
        "nDCG": 0.18043556664055288
    },
    "CD011984": {
        "F0.5Measure": 0.18833535844471444,
        "F1Measure": 0.1648936170212766,
        "F3Measure": 0.14142335766423356,
        "NNR": 4.746031746031746,
        "NumRet": 298,
        "Precision": 0.2080536912751678,
        "Recall": 0.13656387665198239,
        "nDCG": 0.14714960626822118
    }
}