{
    "CD007394": {
        "F0.5Measure": 0.12824249489944622,
        "F1Measure": 0.18945102260495156,
        "F3Measure": 0.5210183540556542,
        "NNR": 9.382022471910112,
        "NumRet": 834,
        "Precision": 0.10551558752997602,
        "Recall": 0.9263157894736842,
        "nDCG": 0.7184677046573762
    },
    "CD007427": {
        "F0.5Measure": 0.1068667576170987,
        "F1Measure": 0.14641744548286606,
        "F3Measure": 0.2890528905289053,
        "NNR": 10.833333333333334,
        "NumRet": 519,
        "Precision": 0.0905587668593449,
        "Recall": 0.3821138211382114,
        "nDCG": 0.3284960097288962
    },
    "CD008054": {
        "F0.5Measure": 0.18157768157768162,
        "F1Measure": 0.242570281124498,
        "F3Measure": 0.43933663078265933,
        "NNR": 6.394736842105263,
        "NumRet": 971,
        "Precision": 0.15550978372811536,
        "Recall": 0.551094890510949,
        "nDCG": 0.47014839151070914
    },
    "CD008643": {
        "F0.5Measure": 0.0009787129924149745,
        "F1Measure": 0.0015634160641000588,
        "F3Measure": 0.007684918347742555,
        "NNR": 1021.4,
        "NumRet": 5106,
        "Precision": 0.0007833920877399138,
        "Recall": 0.36363636363636365,
        "nDCG": 0.07323282938636029
    },
    "CD008686": {
        "F0.5Measure": 0.004272773884806016,
        "F1Measure": 0.006811989100817439,
        "F3Measure": 0.03280839895013124,
        "NNR": 243.66666666666666,
        "NumRet": 1461,
        "Precision": 0.0034223134839151265,
        "Recall": 0.7142857142857143,
        "nDCG": 0.17357557980588595
    },
    "CD008691": {
        "F0.5Measure": 0.10303967027305512,
        "F1Measure": 0.14814814814814814,
        "F3Measure": 0.3558718861209964,
        "NNR": 11.414634146341463,
        "NumRet": 467,
        "Precision": 0.08565310492505353,
        "Recall": 0.547945205479452,
        "nDCG": 0.38286360273148273
    },
    "CD009020": {
        "F0.5Measure": 0.1766953199617956,
        "F1Measure": 0.22945736434108527,
        "F3Measure": 0.38124678001030393,
        "NNR": 6.453333333333333,
        "NumRet": 483,
        "Precision": 0.15320910973084886,
        "Recall": 0.4567901234567901,
        "nDCG": 0.36551308167762464
    },
    "CD009323": {
        "F0.5Measure": 0.07140241669718053,
        "F1Measure": 0.10706932052161978,
        "F3Measure": 0.32059186189889033,
        "NNR": 16.911392405063292,
        "NumRet": 1335,
        "Precision": 0.058426966292134834,
        "Recall": 0.639344262295082,
        "nDCG": 0.47491640035094435
    },
    "CD009591": {
        "F0.5Measure": 0.05560344827586206,
        "F1Measure": 0.08577127659574468,
        "F3Measure": 0.3100961538461538,
        "NNR": 22.03846153846154,
        "NumRet": 2864,
        "Precision": 0.04504189944134078,
        "Recall": 0.8958333333333334,
        "nDCG": 0.6739751609225798
    },
    "CD009593": {
        "F0.5Measure": 0.014138938637006314,
        "F1Measure": 0.022375536080551928,
        "F3Measure": 0.1002171371304493,
        "NNR": 86.65573770491804,
        "NumRet": 5285,
        "Precision": 0.011352885525070956,
        "Recall": 0.7692307692307693,
        "nDCG": 0.603776538165156
    },
    "CD009944": {
        "F0.5Measure": 0.22576760987357014,
        "F1Measure": 0.2982107355864811,
        "F3Measure": 0.521195274496178,
        "NNR": 5.092105263157895,
        "NumRet": 386,
        "Precision": 0.19430051813471502,
        "Recall": 0.6410256410256411,
        "nDCG": 0.5659431188545692
    },
    "CD010409": {
        "F0.5Measure": 0.0033236262344897446,
        "F1Measure": 0.005298681637544944,
        "F3Measure": 0.025514853289593586,
        "NNR": 366.93023255813955,
        "NumRet": 15777,
        "Precision": 0.0026621030614185207,
        "Recall": 0.5526315789473685,
        "nDCG": 0.2520510395446231
    },
    "CD010438": {
        "F0.5Measure": 0.030828956382735785,
        "F1Measure": 0.04804270462633452,
        "F3Measure": 0.18802228412256267,
        "NNR": 38.785714285714285,
        "NumRet": 1085,
        "Precision": 0.02488479262672811,
        "Recall": 0.6923076923076923,
        "nDCG": 0.45903805545784393
    },
    "CD010632": {
        "F0.5Measure": 0.05907372400756143,
        "F1Measure": 0.09041591320072333,
        "F3Measure": 0.30902348578491967,
        "NNR": 20.076923076923077,
        "NumRet": 521,
        "Precision": 0.04798464491362764,
        "Recall": 0.78125,
        "nDCG": 0.41579195085534104
    },
    "CD011134": {
        "F0.5Measure": 0.13561113067981684,
        "F1Measure": 0.17680826636050517,
        "F3Measure": 0.2971825549980703,
        "NNR": 8.423076923076923,
        "NumRet": 656,
        "Precision": 0.1173780487804878,
        "Recall": 0.3581395348837209,
        "nDCG": 0.32067375078196936
    },
    "CD011548": {
        "F0.5Measure": 0.025490544786294388,
        "F1Measure": 0.0399814039981404,
        "F3Measure": 0.16519400691509797,
        "NNR": 48.160919540229884,
        "NumRet": 4189,
        "Precision": 0.020529959417522083,
        "Recall": 0.7610619469026548,
        "nDCG": 0.49404253938223086
    },
    "CD011549": {
        "F0.5Measure": 0.0003012411133871551,
        "F1Measure": 0.000481811611659841,
        "F3Measure": 0.0023998080153587713,
        "NNR": 2075,
        "NumRet": 4149,
        "Precision": 0.00024102193299590263,
        "Recall": 0.5,
        "nDCG": 0.08470750322019563
    },
    "CD011975": {
        "F0.5Measure": 0.1809703088902199,
        "F1Measure": 0.24985233313644414,
        "F3Measure": 0.5073159030942672,
        "NNR": 6.528301886792453,
        "NumRet": 2767,
        "Precision": 0.15287314781351644,
        "Recall": 0.6833602584814217,
        "nDCG": 0.5781976234554214
    },
    "CD011984": {
        "F0.5Measure": 0.12060085836909872,
        "F1Measure": 0.17276360282815864,
        "F3Measure": 0.4081336238198984,
        "NNR": 9.929078014184396,
        "NumRet": 2799,
        "Precision": 0.10039299749910682,
        "Recall": 0.6189427312775331,
        "nDCG": 0.4860546965496676
    }
}