{
    "CD007394": {
        "F0.5Measure": 0.38142620232172475,
        "F1Measure": 0.41441441441441446,
        "F3Measure": 0.46843177189409363,
        "NNR": 2.723404255319149,
        "NumRet": 127,
        "Precision": 0.36220472440944884,
        "Recall": 0.4842105263157895,
        "nDCG": 0.45990452217499816
    },
    "CD007427": {
        "F0.5Measure": 0.2807775377969763,
        "F1Measure": 0.25,
        "F3Measure": 0.21812080536912756,
        "NNR": 3.185185185185185,
        "NumRet": 85,
        "Precision": 0.3058823529411765,
        "Recall": 0.21138211382113822,
        "nDCG": 0.21938263639294744
    },
    "CD008054": {
        "F0.5Measure": 0.2595936794582393,
        "F1Measure": 0.21545667447306793,
        "F3Measure": 0.17563955708285608,
        "NNR": 3.276595744680851,
        "NumRet": 153,
        "Precision": 0.3006535947712418,
        "Recall": 0.1678832116788321,
        "nDCG": 0.19679210874131917
    },
    "CD008643": {
        "F0.5Measure": 0.0015174506828528071,
        "F1Measure": 0.0024038461538461535,
        "F3Measure": 0.010869565217391304,
        "NNR": 411,
        "NumRet": 821,
        "Precision": 0.001218026796589525,
        "Recall": 0.09090909090909091,
        "nDCG": 0.021550624836105
    },
    "CD008686": {
        "F0.5Measure": 0.005302226935312832,
        "F1Measure": 0.008298755186721992,
        "F3Measure": 0.03367003367003367,
        "NNR": 117.5,
        "NumRet": 234,
        "Precision": 0.004273504273504274,
        "Recall": 0.14285714285714285,
        "nDCG": 0.05847885504273582
    },
    "CD008691": {
        "F0.5Measure": 0.16709511568123392,
        "F1Measure": 0.17105263157894735,
        "F3Measure": 0.17663043478260868,
        "NNR": 5.714285714285714,
        "NumRet": 79,
        "Precision": 0.16455696202531644,
        "Recall": 0.1780821917808219,
        "nDCG": 0.17556322661256032
    },
    "CD009020": {
        "F0.5Measure": 0.11312217194570136,
        "F1Measure": 0.08620689655172414,
        "F3Measure": 0.06544502617801047,
        "NNR": 6.454545454545454,
        "NumRet": 70,
        "Precision": 0.14285714285714285,
        "Recall": 0.06172839506172839,
        "nDCG": 0.09536693972354664
    },
    "CD009323": {
        "F0.5Measure": 0.1642710472279261,
        "F1Measure": 0.19104477611940301,
        "F3Measure": 0.24408848207475212,
        "NNR": 6.484848484848484,
        "NumRet": 213,
        "Precision": 0.15023474178403756,
        "Recall": 0.26229508196721313,
        "nDCG": 0.2591220054985768
    },
    "CD009591": {
        "F0.5Measure": 0.21207584830339324,
        "F1Measure": 0.2791461412151068,
        "F3Measure": 0.4826802952867689,
        "NNR": 5.4186046511627906,
        "NumRet": 465,
        "Precision": 0.1827956989247312,
        "Recall": 0.5902777777777778,
        "nDCG": 0.5117650293466341
    },
    "CD009593": {
        "F0.5Measure": 0.06316676024705223,
        "F1Measure": 0.09483667017913594,
        "F3Measure": 0.28607755880483154,
        "NNR": 18.956521739130434,
        "NumRet": 871,
        "Precision": 0.05166475315729047,
        "Recall": 0.5769230769230769,
        "nDCG": 0.527698116035146
    },
    "CD009944": {
        "F0.5Measure": 0.3295128939828081,
        "F1Measure": 0.2628571428571429,
        "F3Measure": 0.207020702070207,
        "NNR": 2.4583333333333335,
        "NumRet": 58,
        "Precision": 0.39655172413793105,
        "Recall": 0.19658119658119658,
        "nDCG": 0.2563542814314421
    },
    "CD010409": {
        "F0.5Measure": 0.013278388278388278,
        "F1Measure": 0.020810907786149982,
        "F3Measure": 0.08541973490427097,
        "NNR": 90.4,
        "NumRet": 2711,
        "Precision": 0.010697159719660641,
        "Recall": 0.3815789473684211,
        "nDCG": 0.19230721881320254
    },
    "CD010438": {
        "F0.5Measure": 0.09790209790209792,
        "F1Measure": 0.1346153846153846,
        "F3Measure": 0.2692307692307692,
        "NNR": 11.333333333333334,
        "NumRet": 169,
        "Precision": 0.08284023668639054,
        "Recall": 0.358974358974359,
        "nDCG": 0.31809396131221057
    },
    "CD010632": {
        "F0.5Measure": 0.09408602150537633,
        "F1Measure": 0.11965811965811965,
        "F3Measure": 0.18766756032171578,
        "NNR": 10.75,
        "NumRet": 85,
        "Precision": 0.08235294117647059,
        "Recall": 0.21875,
        "nDCG": 0.16933733550086902
    },
    "CD011134": {
        "F0.5Measure": 0.13910355486862444,
        "F1Measure": 0.11145510835913312,
        "F3Measure": 0.0881057268722467,
        "NNR": 5.7368421052631575,
        "NumRet": 108,
        "Precision": 0.16666666666666666,
        "Recall": 0.08372093023255814,
        "nDCG": 0.12710493066838835
    },
    "CD011548": {
        "F0.5Measure": 0.07079984691924991,
        "F1Measure": 0.10027100271002712,
        "F3Measure": 0.22533495736906214,
        "NNR": 16.473684210526315,
        "NumRet": 625,
        "Precision": 0.0592,
        "Recall": 0.3274336283185841,
        "nDCG": 0.29373618379339544
    },
    "CD011549": {
        "F0.5Measure": 0.002061005770816158,
        "F1Measure": 0.0032894736842105266,
        "F3Measure": 0.016025641025641024,
        "NNR": 303.5,
        "NumRet": 606,
        "Precision": 0.0016501650165016502,
        "Recall": 0.5,
        "nDCG": 0.08470750322019563
    },
    "CD011975": {
        "F0.5Measure": 0.28601252609603345,
        "F1Measure": 0.257761053621825,
        "F3Measure": 0.22776392352452204,
        "NNR": 3.2246376811594204,
        "NumRet": 444,
        "Precision": 0.30855855855855857,
        "Recall": 0.22132471728594508,
        "nDCG": 0.23938729575443543
    },
    "CD011984": {
        "F0.5Measure": 0.20157756354075373,
        "F1Measure": 0.20197585071350166,
        "F3Measure": 0.20250935505172793,
        "NNR": 4.924731182795699,
        "NumRet": 457,
        "Precision": 0.2013129102844639,
        "Recall": 0.2026431718061674,
        "nDCG": 0.20108362985769884
    }
}