{
    "CD007394": {
        "F0.5Measure": 0.1696969696969697,
        "F1Measure": 0.2434782608695652,
        "F3Measure": 0.5793103448275861,
        "NNR": 7.011764705882353,
        "NumRet": 595,
        "Precision": 0.1411764705882353,
        "Recall": 0.8842105263157894,
        "nDCG": 0.6973694645818527
    },
    "CD007427": {
        "F0.5Measure": 0.12507626601586333,
        "F1Measure": 0.1633466135458167,
        "F3Measure": 0.27590847913862715,
        "NNR": 9.047619047619047,
        "NumRet": 379,
        "Precision": 0.10817941952506596,
        "Recall": 0.3333333333333333,
        "nDCG": 0.3004643490646721
    },
    "CD008054": {
        "F0.5Measure": 0.2122795558458524,
        "F1Measure": 0.26776519052523173,
        "F3Measure": 0.4110022130888398,
        "NNR": 5.32824427480916,
        "NumRet": 697,
        "Precision": 0.18651362984218078,
        "Recall": 0.4744525547445255,
        "nDCG": 0.42129248514942824
    },
    "CD008643": {
        "F0.5Measure": 0.0006744452687664396,
        "F1Measure": 0.0010767160161507402,
        "F3Measure": 0.0052590060478569555,
        "NNR": 1235,
        "NumRet": 3704,
        "Precision": 0.0005399568034557236,
        "Recall": 0.18181818181818182,
        "nDCG": 0.03933461299765238
    },
    "CD008686": {
        "F0.5Measure": 0.004700352526439483,
        "F1Measure": 0.0074836295603367626,
        "F3Measure": 0.035555555555555556,
        "NNR": 212.6,
        "NumRet": 1062,
        "Precision": 0.003766478342749529,
        "Recall": 0.5714285714285714,
        "nDCG": 0.1474212298981931
    },
    "CD008691": {
        "F0.5Measure": 0.10726643598615916,
        "F1Measure": 0.14903846153846154,
        "F3Measure": 0.31,
        "NNR": 10.75,
        "NumRet": 343,
        "Precision": 0.09037900874635568,
        "Recall": 0.4246575342465753,
        "nDCG": 0.3210700587018011
    },
    "CD009020": {
        "F0.5Measure": 0.1621271076523995,
        "F1Measure": 0.1972386587771203,
        "F3Measure": 0.27731558513588467,
        "NNR": 6.784313725490196,
        "NumRet": 345,
        "Precision": 0.14492753623188406,
        "Recall": 0.30864197530864196,
        "nDCG": 0.27247118888771205
    },
    "CD009323": {
        "F0.5Measure": 0.08888332498748124,
        "F1Measure": 0.13027522935779817,
        "F3Measure": 0.3436592449177153,
        "NNR": 13.458333333333334,
        "NumRet": 968,
        "Precision": 0.07334710743801653,
        "Recall": 0.5819672131147541,
        "nDCG": 0.44638497513437175
    },
    "CD009591": {
        "F0.5Measure": 0.07283834586466166,
        "F1Measure": 0.11091234347048301,
        "F3Measure": 0.3659976387249114,
        "NNR": 16.744,
        "NumRet": 2092,
        "Precision": 0.05927342256214149,
        "Recall": 0.8611111111111112,
        "nDCG": 0.6575150165527218
    },
    "CD009593": {
        "F0.5Measure": 0.0180296200901481,
        "F1Measure": 0.028419182948490232,
        "F3Measure": 0.1226725082146769,
        "NNR": 67.78947368421052,
        "NumRet": 3863,
        "Precision": 0.014496505306756407,
        "Recall": 0.717948717948718,
        "nDCG": 0.585000434584556
    },
    "CD009944": {
        "F0.5Measure": 0.26851098454027666,
        "F1Measure": 0.3341772151898734,
        "F3Measure": 0.49586776859504134,
        "NNR": 4.164179104477612,
        "NumRet": 278,
        "Precision": 0.23741007194244604,
        "Recall": 0.5641025641025641,
        "nDCG": 0.5202639751514987
    },
    "CD010409": {
        "F0.5Measure": 0.004415819403756678,
        "F1Measure": 0.007030781102632256,
        "F3Measure": 0.033412109852497755,
        "NNR": 275.9047619047619,
        "NumRet": 11587,
        "Precision": 0.0035384482609821352,
        "Recall": 0.5394736842105263,
        "nDCG": 0.24787114968078466
    },
    "CD010438": {
        "F0.5Measure": 0.04110022130888397,
        "F1Measure": 0.06341463414634146,
        "F3Measure": 0.22968197879858657,
        "NNR": 28.962962962962962,
        "NumRet": 781,
        "Precision": 0.03329065300896287,
        "Recall": 0.6666666666666666,
        "nDCG": 0.4496224156385685
    },
    "CD010632": {
        "F0.5Measure": 0.07428940568475452,
        "F1Measure": 0.11192214111922141,
        "F3Measure": 0.3448275862068966,
        "NNR": 15.833333333333334,
        "NumRet": 379,
        "Precision": 0.06068601583113457,
        "Recall": 0.71875,
        "nDCG": 0.3917153389821683
    },
    "CD011134": {
        "F0.5Measure": 0.1436646255299105,
        "F1Measure": 0.17630057803468208,
        "F3Measure": 0.25290215588723053,
        "NNR": 7.709677419354839,
        "NumRet": 477,
        "Precision": 0.1278825995807128,
        "Recall": 0.2837209302325581,
        "nDCG": 0.2728370247068253
    },
    "CD011548": {
        "F0.5Measure": 0.031019935478534207,
        "F1Measure": 0.048278081750885105,
        "F3Measure": 0.18698578908002994,
        "NNR": 39.4078947368421,
        "NumRet": 2994,
        "Precision": 0.025050100200400802,
        "Recall": 0.6637168141592921,
        "nDCG": 0.45309658558752086
    },
    "CD011549": {
        "F0.5Measure": 0.0004238006441769792,
        "F1Measure": 0.0006777363605557438,
        "F3Measure": 0.003370407819346141,
        "NNR": 1475,
        "NumRet": 2949,
        "Precision": 0.00033909799932180403,
        "Recall": 0.5,
        "nDCG": 0.08470750322019563
    },
    "CD011975": {
        "F0.5Measure": 0.2165605095541401,
        "F1Measure": 0.28516965306900494,
        "F3Measure": 0.49372937293729374,
        "NNR": 5.346666666666667,
        "NumRet": 2004,
        "Precision": 0.18662674650698602,
        "Recall": 0.6042003231017771,
        "nDCG": 0.525886701337874
    },
    "CD011984": {
        "F0.5Measure": 0.14034474726298626,
        "F1Measure": 0.19380780056292723,
        "F3Measure": 0.3938552050988724,
        "NNR": 8.40495867768595,
        "NumRet": 2033,
        "Precision": 0.11854402361042794,
        "Recall": 0.5308370044052864,
        "nDCG": 0.4314594574190506
    }
}