{
    "CD007394": {
        "F0.5Measure": 0.050935666039198316,
        "F1Measure": 0.0790038643194504,
        "F3Measure": 0.29783101327290384,
        "NNR": 24.032258064516128,
        "NumRet": 2234,
        "Precision": 0.04118173679498657,
        "Recall": 0.968421052631579,
        "nDCG": 0.7382773028473717
    },
    "CD007427": {
        "F0.5Measure": 0.056137012369172214,
        "F1Measure": 0.08392603129445235,
        "F3Measure": 0.24686192468619245,
        "NNR": 21.4,
        "NumRet": 1283,
        "Precision": 0.04598597038191738,
        "Recall": 0.4796747967479675,
        "nDCG": 0.38070511425223563
    },
    "CD008054": {
        "F0.5Measure": 0.09334783396773609,
        "F1Measure": 0.13900134952766532,
        "F3Measure": 0.3995345228859581,
        "NNR": 13,
        "NumRet": 2690,
        "Precision": 0.07657992565055761,
        "Recall": 0.7518248175182481,
        "nDCG": 0.5883605240420355
    },
    "CD008643": {
        "F0.5Measure": 0.0005692275582035178,
        "F1Measure": 0.0009101941747572815,
        "F3Measure": 0.0045207956600361665,
        "NNR": 1882,
        "NumRet": 13173,
        "Precision": 0.0004554771122751082,
        "Recall": 0.5454545454545454,
        "nDCG": 0.10551640222708811
    },
    "CD008686": {
        "F0.5Measure": 0.00170543693294222,
        "F1Measure": 0.0027247956403269754,
        "F3Measure": 0.013419216317767043,
        "NNR": 610.6666666666666,
        "NumRet": 3663,
        "Precision": 0.001365001365001365,
        "Recall": 0.7142857142857143,
        "nDCG": 0.17357557980588595
    },
    "CD008691": {
        "F0.5Measure": 0.07144380464917893,
        "F1Measure": 0.10920945395273024,
        "F3Measure": 0.3699613473219216,
        "NNR": 16.985294117647058,
        "NumRet": 1154,
        "Precision": 0.05805892547660312,
        "Recall": 0.9178082191780822,
        "nDCG": 0.5537155871677283
    },
    "CD009020": {
        "F0.5Measure": 0.1355258402602096,
        "F1Measure": 0.19933554817275748,
        "F3Measure": 0.535523027490182,
        "NNR": 8.900662251655628,
        "NumRet": 1343,
        "Precision": 0.11169024571854058,
        "Recall": 0.9259259259259259,
        "nDCG": 0.6298704535467148
    },
    "CD009323": {
        "F0.5Measure": 0.03544803391317059,
        "F1Measure": 0.055239179954441914,
        "F3Measure": 0.2161319073083779,
        "NNR": 34.60204081632653,
        "NumRet": 3390,
        "Precision": 0.028613569321533923,
        "Recall": 0.7950819672131147,
        "nDCG": 0.5467524605691442
    },
    "CD009591": {
        "F0.5Measure": 0.025147720877884076,
        "F1Measure": 0.039634146341463415,
        "F3Measure": 0.17088910133843216,
        "NNR": 49.11805555555556,
        "NumRet": 7072,
        "Precision": 0.02022058823529412,
        "Recall": 0.9930555555555556,
        "nDCG": 0.7174161684856624
    },
    "CD009593": {
        "F0.5Measure": 0.006047690358253658,
        "F1Measure": 0.00963302752293578,
        "F3Measure": 0.04597197898423818,
        "NNR": 203.171875,
        "NumRet": 13002,
        "Precision": 0.004845408398707891,
        "Recall": 0.8076923076923077,
        "nDCG": 0.616877015925874
    },
    "CD009944": {
        "F0.5Measure": 0.11328030850807423,
        "F1Measure": 0.1671111111111111,
        "F3Measure": 0.45608927704997576,
        "NNR": 10.621052631578948,
        "NumRet": 1008,
        "Precision": 0.09325396825396826,
        "Recall": 0.8034188034188035,
        "nDCG": 0.6556196009269709
    },
    "CD010409": {
        "F0.5Measure": 0.0015519515791107316,
        "F1Measure": 0.002479466914613358,
        "F3Measure": 0.012205665463052432,
        "NNR": 788.6326530612245,
        "NumRet": 38642,
        "Precision": 0.001242171730241706,
        "Recall": 0.631578947368421,
        "nDCG": 0.276391808491952
    },
    "CD010438": {
        "F0.5Measure": 0.01320073924139752,
        "F1Measure": 0.020905923344947737,
        "F3Measure": 0.09428032683846638,
        "NNR": 91.35483870967742,
        "NumRet": 2831,
        "Precision": 0.010596962204168139,
        "Recall": 0.7692307692307693,
        "nDCG": 0.4849459831521933
    },
    "CD010632": {
        "F0.5Measure": 0.025510204081632654,
        "F1Measure": 0.0400890868596882,
        "F3Measure": 0.16843418590143483,
        "NNR": 47,
        "NumRet": 1315,
        "Precision": 0.02053231939163498,
        "Recall": 0.84375,
        "nDCG": 0.43741790083070203
    },
    "CD011134": {
        "F0.5Measure": 0.13004742060640898,
        "F1Measure": 0.19042609153077328,
        "F3Measure": 0.499861916597625,
        "NNR": 9.26923076923077,
        "NumRet": 1686,
        "Precision": 0.1073546856465006,
        "Recall": 0.8418604651162791,
        "nDCG": 0.5995030164633834
    },
    "CD011548": {
        "F0.5Measure": 0.012097587203441094,
        "F1Measure": 0.0192102454642476,
        "F3Measure": 0.08890352321369774,
        "NNR": 102.12844036697248,
        "NumRet": 11131,
        "Precision": 0.009702632288204114,
        "Recall": 0.9557522123893806,
        "nDCG": 0.5702748072836069
    },
    "CD011549": {
        "F0.5Measure": 0.00011230402946857735,
        "F1Measure": 0.00017966223499820338,
        "F3Measure": 0.0008970218873340509,
        "NNR": 5565.5,
        "NumRet": 11130,
        "Precision": 0.00008984725965858041,
        "Recall": 0.5,
        "nDCG": 0.08470750322019563
    },
    "CD011975": {
        "F0.5Measure": 0.10308749615345163,
        "F1Measure": 0.1550925925925926,
        "F3Measure": 0.4737586423632935,
        "NNR": 11.850993377483444,
        "NumRet": 7157,
        "Precision": 0.0842531787061618,
        "Recall": 0.9741518578352181,
        "nDCG": 0.7575068435175482
    },
    "CD011984": {
        "F0.5Measure": 0.07503949447077408,
        "F1Measure": 0.1146981627296588,
        "F3Measure": 0.3883753999289015,
        "NNR": 16.363013698630137,
        "NumRet": 7166,
        "Precision": 0.060982416969020375,
        "Recall": 0.9625550660792952,
        "nDCG": 0.6828597534569641
    }
}