{
    "CD007394": {
        "F0.5Measure": 0.1021324354657688,
        "F1Measure": 0.15358649789029535,
        "F3Measure": 0.46786632390745503,
        "NNR": 11.858695652173912,
        "NumRet": 1090,
        "Precision": 0.0834862385321101,
        "Recall": 0.9578947368421052,
        "nDCG": 0.7335250609130023
    },
    "CD007427": {
        "F0.5Measure": 0.09369369369369371,
        "F1Measure": 0.13231552162849874,
        "F3Measure": 0.2937853107344633,
        "NNR": 12.528301886792454,
        "NumRet": 663,
        "Precision": 0.0784313725490196,
        "Recall": 0.42276422764227645,
        "nDCG": 0.3508232766150356
    },
    "CD008054": {
        "F0.5Measure": 0.1575984990619137,
        "F1Measure": 0.21846553966189858,
        "F3Measure": 0.450402144772118,
        "NNR": 7.485207100591716,
        "NumRet": 1264,
        "Precision": 0.13291139240506328,
        "Recall": 0.6131386861313869,
        "nDCG": 0.508277902154532
    },
    "CD008643": {
        "F0.5Measure": 0.0007599072913104602,
        "F1Measure": 0.0012143290831815423,
        "F3Measure": 0.005991611743559018,
        "NNR": 1315.6,
        "NumRet": 6577,
        "Precision": 0.0006081800212863008,
        "Recall": 0.36363636363636365,
        "nDCG": 0.07323282938636029
    },
    "CD008686": {
        "F0.5Measure": 0.0033320005331200857,
        "F1Measure": 0.00531632110579479,
        "F3Measure": 0.025813113061435213,
        "NNR": 312.5,
        "NumRet": 1874,
        "Precision": 0.0026680896478121665,
        "Recall": 0.7142857142857143,
        "nDCG": 0.17357557980588595
    },
    "CD008691": {
        "F0.5Measure": 0.09580105992662044,
        "F1Measure": 0.14071856287425147,
        "F3Measure": 0.37539936102236415,
        "NNR": 12.416666666666666,
        "NumRet": 595,
        "Precision": 0.07899159663865546,
        "Recall": 0.6438356164383562,
        "nDCG": 0.4288644892554113
    },
    "CD009020": {
        "F0.5Measure": 0.16964951528709918,
        "F1Measure": 0.2297979797979798,
        "F3Measure": 0.4358237547892721,
        "NNR": 6.858695652173913,
        "NumRet": 630,
        "Precision": 0.14444444444444443,
        "Recall": 0.5617283950617284,
        "nDCG": 0.4282266691430113
    },
    "CD009323": {
        "F0.5Measure": 0.06008583690987125,
        "F1Measure": 0.09135399673735725,
        "F3Measure": 0.29840142095914746,
        "NNR": 20.211764705882352,
        "NumRet": 1717,
        "Precision": 0.0489225393127548,
        "Recall": 0.6885245901639344,
        "nDCG": 0.49845159236173764
    },
    "CD009591": {
        "F0.5Measure": 0.0463589604764483,
        "F1Measure": 0.07206733298264073,
        "F3Measure": 0.2765442067016553,
        "NNR": 26.514492753623188,
        "NumRet": 3658,
        "Precision": 0.037452159650082015,
        "Recall": 0.9513888888888888,
        "nDCG": 0.6991369015671902
    },
    "CD009593": {
        "F0.5Measure": 0.011267085334318435,
        "F1Measure": 0.017872839144447702,
        "F3Measure": 0.0818791946308725,
        "NNR": 108.85483870967742,
        "NumRet": 6748,
        "Precision": 0.009039715471250742,
        "Recall": 0.782051282051282,
        "nDCG": 0.6082850837915711
    },
    "CD009944": {
        "F0.5Measure": 0.2011358258400379,
        "F1Measure": 0.275974025974026,
        "F3Measure": 0.5476804123711341,
        "NNR": 5.813953488372093,
        "NumRet": 499,
        "Precision": 0.17034068136272545,
        "Recall": 0.7264957264957265,
        "nDCG": 0.6144659713546565
    },
    "CD010409": {
        "F0.5Measure": 0.0028486499876145656,
        "F1Measure": 0.004545005434245629,
        "F3Measure": 0.022062350119904078,
        "NNR": 429.0851063829787,
        "NumRet": 20166,
        "Precision": 0.0022810671427154617,
        "Recall": 0.6052631578947368,
        "nDCG": 0.26846516472660015
    },
    "CD010438": {
        "F0.5Measure": 0.024791924915884538,
        "F1Measure": 0.0388619014573213,
        "F3Measure": 0.15972618368511124,
        "NNR": 48.37931034482759,
        "NumRet": 1402,
        "Precision": 0.019971469329529243,
        "Recall": 0.717948717948718,
        "nDCG": 0.46797651169241045
    },
    "CD010632": {
        "F0.5Measure": 0.04800590841949778,
        "F1Measure": 0.07417974322396576,
        "F3Measure": 0.27168234064785785,
        "NNR": 24.814814814814813,
        "NumRet": 669,
        "Precision": 0.03886397608370702,
        "Recall": 0.8125,
        "nDCG": 0.42706304812612034
    },
    "CD011134": {
        "F0.5Measure": 0.13799832729300252,
        "F1Measure": 0.18714555765595464,
        "F3Measure": 0.3563714902807775,
        "NNR": 8.44,
        "NumRet": 843,
        "Precision": 0.11743772241992882,
        "Recall": 0.4604651162790698,
        "nDCG": 0.3834246472972768
    },
    "CD011548": {
        "F0.5Measure": 0.021424989743355976,
        "F1Measure": 0.033758304902136826,
        "F3Measure": 0.14521860033987333,
        "NNR": 57.44210526315789,
        "NumRet": 5456,
        "Precision": 0.01722873900293255,
        "Recall": 0.831858407079646,
        "nDCG": 0.5225999941980505
    },
    "CD011549": {
        "F0.5Measure": 0.0002303086135421465,
        "F1Measure": 0.0003683919690550746,
        "F3Measure": 0.0018365472910927458,
        "NNR": 2714,
        "NumRet": 5427,
        "Precision": 0.00018426386585590566,
        "Recall": 0.5,
        "nDCG": 0.08470750322019563
    },
    "CD011975": {
        "F0.5Measure": 0.1608354039352629,
        "F1Measure": 0.2288034392166229,
        "F3Measure": 0.5241273662326295,
        "NNR": 7.435416666666667,
        "NumRet": 3568,
        "Precision": 0.13424887892376683,
        "Recall": 0.7738287560581584,
        "nDCG": 0.6358597430103806
    },
    "CD011984": {
        "F0.5Measure": 0.10563854124613108,
        "F1Measure": 0.15483234714003946,
        "F3Measure": 0.40842872008324665,
        "NNR": 11.438095238095238,
        "NumRet": 3602,
        "Precision": 0.08717379233759023,
        "Recall": 0.6916299559471366,
        "nDCG": 0.5294510668883045
    }
}