{
    "CD007394": {
        "F0.5Measure": 0.2445141065830721,
        "F1Measure": 0.33191489361702126,
        "F3Measure": 0.6341463414634146,
        "NNR": 4.7594936708860756,
        "NumRet": 375,
        "Precision": 0.208,
        "Recall": 0.8210526315789474,
        "nDCG": 0.6641580139917675
    },
    "CD007427": {
        "F0.5Measure": 0.1592356687898089,
        "F1Measure": 0.19073569482288827,
        "F3Measure": 0.25906735751295334,
        "NNR": 6.805555555555555,
        "NumRet": 244,
        "Precision": 0.14344262295081966,
        "Recall": 0.2845528455284553,
        "nDCG": 0.2708879774571515
    },
    "CD008054": {
        "F0.5Measure": 0.22971652003910067,
        "F1Measure": 0.2622036262203626,
        "F3Measure": 0.3231350979718116,
        "NNR": 4.673684210526316,
        "NumRet": 443,
        "Precision": 0.21218961625282168,
        "Recall": 0.34306569343065696,
        "nDCG": 0.33207718575943357
    },
    "CD008643": {
        "F0.5Measure": 0.000526592943654555,
        "F1Measure": 0.0008396305625524769,
        "F3Measure": 0.004048582995951417,
        "NNR": 1186,
        "NumRet": 2371,
        "Precision": 0.00042176296921130323,
        "Recall": 0.09090909090909091,
        "nDCG": 0.021550624836105
    },
    "CD008686": {
        "F0.5Measure": 0.005500550055005501,
        "F1Measure": 0.008733624454148471,
        "F3Measure": 0.040376850605652756,
        "NNR": 170.25,
        "NumRet": 680,
        "Precision": 0.004411764705882353,
        "Recall": 0.42857142857142855,
        "nDCG": 0.11897135968458535
    },
    "CD008691": {
        "F0.5Measure": 0.13989637305699484,
        "F1Measure": 0.18243243243243243,
        "F3Measure": 0.3068181818181818,
        "NNR": 8,
        "NumRet": 223,
        "Precision": 0.1210762331838565,
        "Recall": 0.3698630136986301,
        "nDCG": 0.2916826388158188
    },
    "CD009020": {
        "F0.5Measure": 0.14132553606237816,
        "F1Measure": 0.15343915343915343,
        "F3Measure": 0.17323775388291518,
        "NNR": 7.233333333333333,
        "NumRet": 216,
        "Precision": 0.13425925925925927,
        "Recall": 0.17901234567901234,
        "nDCG": 0.1862377150539338
    },
    "CD009323": {
        "F0.5Measure": 0.11950655358519661,
        "F1Measure": 0.16756756756756758,
        "F3Measure": 0.36130536130536134,
        "NNR": 9.825396825396826,
        "NumRet": 618,
        "Precision": 0.10032362459546926,
        "Recall": 0.5081967213114754,
        "nDCG": 0.4073774623328346
    },
    "CD009591": {
        "F0.5Measure": 0.10499637943519188,
        "F1Measure": 0.15580926796507724,
        "F3Measure": 0.43922756531616813,
        "NNR": 11.504273504273504,
        "NumRet": 1345,
        "Precision": 0.0862453531598513,
        "Recall": 0.8055555555555556,
        "nDCG": 0.6304258048536356
    },
    "CD009593": {
        "F0.5Measure": 0.02539334793865764,
        "F1Measure": 0.039704165044764504,
        "F3Measure": 0.15972439711869715,
        "NNR": 47.92307692307692,
        "NumRet": 2491,
        "Precision": 0.020473705339221198,
        "Recall": 0.6538461538461539,
        "nDCG": 0.560215179310087
    },
    "CD009944": {
        "F0.5Measure": 0.31823745410036713,
        "F1Measure": 0.3561643835616438,
        "F3Measure": 0.42345276872964155,
        "NNR": 3.3207547169811322,
        "NumRet": 175,
        "Precision": 0.29714285714285715,
        "Recall": 0.4444444444444444,
        "nDCG": 0.44275311655435473
    },
    "CD010409": {
        "F0.5Measure": 0.006440745144669044,
        "F1Measure": 0.010228166797797011,
        "F3Measure": 0.04736458586349283,
        "NNR": 188.775,
        "NumRet": 7550,
        "Precision": 0.005165562913907285,
        "Recall": 0.5131578947368421,
        "nDCG": 0.23923257348745897
    },
    "CD010438": {
        "F0.5Measure": 0.05943536404160475,
        "F1Measure": 0.0898876404494382,
        "F3Measure": 0.28368794326241137,
        "NNR": 19.84,
        "NumRet": 495,
        "Precision": 0.048484848484848485,
        "Recall": 0.6153846153846154,
        "nDCG": 0.4299418145462723
    },
    "CD010632": {
        "F0.5Measure": 0.08432539682539682,
        "F1Measure": 0.12318840579710144,
        "F3Measure": 0.31954887218045114,
        "NNR": 13.61111111111111,
        "NumRet": 244,
        "Precision": 0.06967213114754098,
        "Recall": 0.53125,
        "nDCG": 0.3141612077869578
    },
    "CD011134": {
        "F0.5Measure": 0.14553014553014554,
        "F1Measure": 0.16091954022988506,
        "F3Measure": 0.18733273862622657,
        "NNR": 7.162790697674419,
        "NumRet": 307,
        "Precision": 0.13680781758957655,
        "Recall": 0.19534883720930232,
        "nDCG": 0.21249586768170206
    },
    "CD011548": {
        "F0.5Measure": 0.0406770764991471,
        "F1Measure": 0.062311557788944726,
        "F3Measure": 0.21423635107118175,
        "NNR": 29.80952380952381,
        "NumRet": 1877,
        "Precision": 0.03303143313798615,
        "Recall": 0.5486725663716814,
        "nDCG": 0.40224565084796254
    },
    "CD011549": {
        "F0.5Measure": 0.0006799020940984499,
        "F1Measure": 0.0010869565217391304,
        "F3Measure": 0.005387931034482759,
        "NNR": 919.5,
        "NumRet": 1838,
        "Precision": 0.000544069640914037,
        "Recall": 0.5,
        "nDCG": 0.08470750322019563
    },
    "CD011975": {
        "F0.5Measure": 0.25683440710430094,
        "F1Measure": 0.3105263157894737,
        "F3Measure": 0.43053123175715124,
        "NNR": 4.331081081081081,
        "NumRet": 1281,
        "Precision": 0.2302888368462139,
        "Recall": 0.4765751211631664,
        "nDCG": 0.4368680953614848
    },
    "CD011984": {
        "F0.5Measure": 0.17724867724867724,
        "F1Measure": 0.22866894197952223,
        "F3Measure": 0.37291280148423006,
        "NNR": 6.46039603960396,
        "NumRet": 1304,
        "Precision": 0.15414110429447853,
        "Recall": 0.44273127753303965,
        "nDCG": 0.37431616559831005
    }
}