{
    "CD007394": {
        "F0.5Measure": 0.06354468849288576,
        "F1Measure": 0.09782030834662414,
        "F3Measure": 0.3483528966300644,
        "NNR": 19.21505376344086,
        "NumRet": 1786,
        "Precision": 0.051511758118701005,
        "Recall": 0.968421052631579,
        "nDCG": 0.7382773028473717
    },
    "CD007427": {
        "F0.5Measure": 0.06881268952647539,
        "F1Measure": 0.10137457044673538,
        "F3Measure": 0.2746741154562384,
        "NNR": 17.366666666666667,
        "NumRet": 1041,
        "Precision": 0.056676272814601344,
        "Recall": 0.4796747967479675,
        "nDCG": 0.38070511425223563
    },
    "CD008054": {
        "F0.5Measure": 0.1157139551029854,
        "F1Measure": 0.16906170752324595,
        "F3Measure": 0.4387889425186485,
        "NNR": 10.412935323383085,
        "NumRet": 2092,
        "Precision": 0.09560229445506692,
        "Recall": 0.7299270072992701,
        "nDCG": 0.576121889656506
    },
    "CD008643": {
        "F0.5Measure": 0.0007105805443046971,
        "F1Measure": 0.0011360408974723092,
        "F3Measure": 0.005633273870998028,
        "NNR": 1507.5714285714287,
        "NumRet": 10552,
        "Precision": 0.0005686125852918878,
        "Recall": 0.5454545454545454,
        "nDCG": 0.10551640222708811
    },
    "CD008686": {
        "F0.5Measure": 0.002106682396561894,
        "F1Measure": 0.003364737550471063,
        "F3Measure": 0.01651254953764861,
        "NNR": 494.3333333333333,
        "NumRet": 2965,
        "Precision": 0.0016863406408094434,
        "Recall": 0.7142857142857143,
        "nDCG": 0.17357557980588595
    },
    "CD008691": {
        "F0.5Measure": 0.08532423208191126,
        "F1Measure": 0.12909632571996027,
        "F3Measure": 0.40854808296668754,
        "NNR": 14.166666666666666,
        "NumRet": 934,
        "Precision": 0.069593147751606,
        "Recall": 0.8904109589041096,
        "nDCG": 0.54175110179034
    },
    "CD009020": {
        "F0.5Measure": 0.15430677107323815,
        "F1Measure": 0.2220381110190555,
        "F3Measure": 0.5353575709149022,
        "NNR": 7.7481481481481485,
        "NumRet": 1045,
        "Precision": 0.12822966507177033,
        "Recall": 0.8271604938271605,
        "nDCG": 0.5771286464470743
    },
    "CD009323": {
        "F0.5Measure": 0.042518545322960025,
        "F1Measure": 0.06584938704028022,
        "F3Measure": 0.24536674497520233,
        "NNR": 28.778947368421054,
        "NumRet": 2733,
        "Precision": 0.034394438346139776,
        "Recall": 0.7704918032786885,
        "nDCG": 0.5360144928381722
    },
    "CD009591": {
        "F0.5Measure": 0.030920256011070752,
        "F1Measure": 0.04856512141280353,
        "F3Measure": 0.20309615111489848,
        "NNR": 39.90277777777778,
        "NumRet": 5745,
        "Precision": 0.024891209747606613,
        "Recall": 0.9930555555555556,
        "nDCG": 0.7174161684856624
    },
    "CD009593": {
        "F0.5Measure": 0.007340057773357958,
        "F1Measure": 0.011679382123010267,
        "F3Measure": 0.0551552352993506,
        "NNR": 167.3015873015873,
        "NumRet": 10539,
        "Precision": 0.005882911092133979,
        "Recall": 0.7948717948717948,
        "nDCG": 0.6126722004076154
    },
    "CD009944": {
        "F0.5Measure": 0.13801380138013802,
        "F1Measure": 0.1997828447339848,
        "F3Measure": 0.4954227248249865,
        "NNR": 8.655913978494624,
        "NumRet": 804,
        "Precision": 0.11442786069651742,
        "Recall": 0.7863247863247863,
        "nDCG": 0.6468890090606072
    },
    "CD010409": {
        "F0.5Measure": 0.001895794495876647,
        "F1Measure": 0.003027818078597111,
        "F3Measure": 0.014854242743083494,
        "NNR": 645.530612244898,
        "NumRet": 31630,
        "Precision": 0.0015175466329434082,
        "Recall": 0.631578947368421,
        "nDCG": 0.276391808491952
    },
    "CD010438": {
        "F0.5Measure": 0.01594984050159498,
        "F1Measure": 0.02519548218940052,
        "F3Measure": 0.11094108645753632,
        "NNR": 75.46666666666667,
        "NumRet": 2263,
        "Precision": 0.012814847547503314,
        "Recall": 0.7435897435897436,
        "nDCG": 0.4767477595173749
    },
    "CD010632": {
        "F0.5Measure": 0.030402245088868105,
        "F1Measure": 0.04757548032936871,
        "F3Measure": 0.19273535952557452,
        "NNR": 39.333333333333336,
        "NumRet": 1061,
        "Precision": 0.024505183788878417,
        "Recall": 0.8125,
        "nDCG": 0.42706304812612034
    },
    "CD011134": {
        "F0.5Measure": 0.12395220260388798,
        "F1Measure": 0.17786308381317978,
        "F3Measure": 0.42339323789217176,
        "NNR": 9.635714285714286,
        "NumRet": 1348,
        "Precision": 0.10311572700296735,
        "Recall": 0.6465116279069767,
        "nDCG": 0.49120738181131834
    },
    "CD011548": {
        "F0.5Measure": 0.014990613354254813,
        "F1Measure": 0.02375929832352615,
        "F3Measure": 0.10796085157905357,
        "NNR": 82.36111111111111,
        "NumRet": 8894,
        "Precision": 0.012030582415111311,
        "Recall": 0.9469026548672567,
        "nDCG": 0.5669548795948268
    },
    "CD011549": {
        "F0.5Measure": 0.0001405995163376638,
        "F1Measure": 0.00022492127755285648,
        "F3Measure": 0.001122586439155815,
        "NNR": 4445.5,
        "NumRet": 8890,
        "Precision": 0.0001124859392575928,
        "Recall": 0.5,
        "nDCG": 0.08470750322019563
    },
    "CD011975": {
        "F0.5Measure": 0.12413529686372703,
        "F1Measure": 0.1841070023603462,
        "F3Measure": 0.5173786150172459,
        "NNR": 9.790102389078498,
        "NumRet": 5736,
        "Precision": 0.10198744769874477,
        "Recall": 0.9450726978998385,
        "nDCG": 0.7404354740926911
    },
    "CD011984": {
        "F0.5Measure": 0.08745425142565326,
        "F1Measure": 0.13226065969428802,
        "F3Measure": 0.41738600589011887,
        "NNR": 13.985436893203884,
        "NumRet": 5761,
        "Precision": 0.07134178094080888,
        "Recall": 0.9052863436123348,
        "nDCG": 0.6513686529269886
    }
}