{
    "CD007394": {
        "F0.5Measure": 0.34942820838627703,
        "F1Measure": 0.41044776119402987,
        "F3Measure": 0.5350194552529183,
        "NNR": 3.107142857142857,
        "NumRet": 173,
        "Precision": 0.3179190751445087,
        "Recall": 0.5789473684210527,
        "nDCG": 0.5212498829867168
    },
    "CD007427": {
        "F0.5Measure": 0.23156089193825038,
        "F1Measure": 0.226890756302521,
        "F3Measure": 0.22094926350245495,
        "NNR": 4.142857142857143,
        "NumRet": 115,
        "Precision": 0.23478260869565218,
        "Recall": 0.21951219512195122,
        "nDCG": 0.22567253453436895
    },
    "CD008054": {
        "F0.5Measure": 0.2657657657657657,
        "F1Measure": 0.2443064182194617,
        "F3Measure": 0.22056074766355138,
        "NNR": 3.5,
        "NumRet": 209,
        "Precision": 0.2822966507177033,
        "Recall": 0.21532846715328466,
        "nDCG": 0.2357987799365942
    },
    "CD008643": {
        "F0.5Measure": 0.001115324559446799,
        "F1Measure": 0.001771479185119575,
        "F3Measure": 0.008216926869350863,
        "NNR": 559.5,
        "NumRet": 1118,
        "Precision": 0.0008944543828264759,
        "Recall": 0.09090909090909091,
        "nDCG": 0.021550624836105
    },
    "CD008686": {
        "F0.5Measure": 0.0038850038850038846,
        "F1Measure": 0.006116207951070337,
        "F3Measure": 0.02610966057441253,
        "NNR": 160.5,
        "NumRet": 320,
        "Precision": 0.003125,
        "Recall": 0.14285714285714285,
        "nDCG": 0.05847885504273582
    },
    "CD008691": {
        "F0.5Measure": 0.1696606786427146,
        "F1Measure": 0.1888888888888889,
        "F3Measure": 0.22251308900523561,
        "NNR": 6,
        "NumRet": 107,
        "Precision": 0.1588785046728972,
        "Recall": 0.2328767123287671,
        "nDCG": 0.21166744021781583
    },
    "CD009020": {
        "F0.5Measure": 0.11818181818181818,
        "F1Measure": 0.10038610038610038,
        "F3Measure": 0.08360128617363344,
        "NNR": 7,
        "NumRet": 97,
        "Precision": 0.13402061855670103,
        "Recall": 0.08024691358024691,
        "nDCG": 0.11129939592947338
    },
    "CD009323": {
        "F0.5Measure": 0.17550702028081125,
        "F1Measure": 0.2184466019417476,
        "F3Measure": 0.3242074927953891,
        "NNR": 6.326086956521739,
        "NumRet": 290,
        "Precision": 0.15517241379310345,
        "Recall": 0.36885245901639346,
        "nDCG": 0.327025578410937
    },
    "CD009591": {
        "F0.5Measure": 0.17723880597014927,
        "F1Measure": 0.2442159383033419,
        "F3Measure": 0.49222797927461137,
        "NNR": 6.614583333333333,
        "NumRet": 634,
        "Precision": 0.1498422712933754,
        "Recall": 0.6597222222222222,
        "nDCG": 0.5519917020563718
    },
    "CD009593": {
        "F0.5Measure": 0.047737650477376506,
        "F1Measure": 0.07284243863816312,
        "F3Measure": 0.24377318494965558,
        "NNR": 25.23404255319149,
        "NumRet": 1185,
        "Precision": 0.038818565400843885,
        "Recall": 0.5897435897435898,
        "nDCG": 0.533467834500785
    },
    "CD009944": {
        "F0.5Measure": 0.3775743707093821,
        "F1Measure": 0.3350253807106599,
        "F3Measure": 0.2912621359223301,
        "NNR": 2.3823529411764706,
        "NumRet": 80,
        "Precision": 0.4125,
        "Recall": 0.28205128205128205,
        "nDCG": 0.3262038186160759
    },
    "CD010409": {
        "F0.5Measure": 0.009863945578231292,
        "F1Measure": 0.015541264737406215,
        "F3Measure": 0.06682027649769585,
        "NNR": 121.9,
        "NumRet": 3656,
        "Precision": 0.007932166301969365,
        "Recall": 0.3815789473684211,
        "nDCG": 0.19230721881320254
    },
    "CD010438": {
        "F0.5Measure": 0.08307372793354102,
        "F1Measure": 0.11851851851851852,
        "F3Measure": 0.274914089347079,
        "NNR": 13.647058823529411,
        "NumRet": 231,
        "Precision": 0.06926406926406926,
        "Recall": 0.41025641025641024,
        "nDCG": 0.34179386932002553
    },
    "CD010632": {
        "F0.5Measure": 0.08130081300813008,
        "F1Measure": 0.108843537414966,
        "F3Measure": 0.19851116625310172,
        "NNR": 12.88888888888889,
        "NumRet": 115,
        "Precision": 0.06956521739130435,
        "Recall": 0.25,
        "nDCG": 0.18461812172938985
    },
    "CD011134": {
        "F0.5Measure": 0.13698630136986298,
        "F1Measure": 0.12154696132596686,
        "F3Measure": 0.10566762728146013,
        "NNR": 6.434782608695652,
        "NumRet": 147,
        "Precision": 0.14965986394557823,
        "Recall": 0.10232558139534884,
        "nDCG": 0.1426731067725502
    },
    "CD011548": {
        "F0.5Measure": 0.06191950464396285,
        "F1Measure": 0.09044193216855087,
        "F3Measure": 0.2344166222695791,
        "NNR": 19.133333333333333,
        "NumRet": 860,
        "Precision": 0.05116279069767442,
        "Recall": 0.3893805309734513,
        "nDCG": 0.3258580207186665
    },
    "CD011549": {
        "F0.5Measure": 0.0014943215780035862,
        "F1Measure": 0.0023866348448687348,
        "F3Measure": 0.0117096018735363,
        "NNR": 418.5,
        "NumRet": 836,
        "Precision": 0.0011961722488038277,
        "Recall": 0.5,
        "nDCG": 0.08470750322019563
    },
    "CD011975": {
        "F0.5Measure": 0.2998352553542009,
        "F1Measure": 0.29762878168438267,
        "F3Measure": 0.29473684210526313,
        "NNR": 3.3060109289617485,
        "NumRet": 604,
        "Precision": 0.30132450331125826,
        "Recall": 0.2940226171243942,
        "nDCG": 0.2989307303832684
    },
    "CD011984": {
        "F0.5Measure": 0.20307167235494877,
        "F1Measure": 0.22180801491146315,
        "F3Measure": 0.2529224229543039,
        "NNR": 5.166666666666667,
        "NumRet": 619,
        "Precision": 0.19224555735056542,
        "Recall": 0.2621145374449339,
        "nDCG": 0.2467366893652615
    }
}