{
    "CD007394": {
        "F0.5Measure": 0.047702996992637144,
        "F1Measure": 0.07413376309427881,
        "F3Measure": 0.28377544725478104,
        "NNR": 25.677419354838708,
        "NumRet": 2387,
        "Precision": 0.038542103058232094,
        "Recall": 0.968421052631579,
        "nDCG": 0.7382773028473717
    },
    "CD007427": {
        "F0.5Measure": 0.052687979996427936,
        "F1Measure": 0.07908847184986596,
        "F3Measure": 0.2382875605815832,
        "NNR": 22.833333333333332,
        "NumRet": 1369,
        "Precision": 0.04309715120525932,
        "Recall": 0.4796747967479675,
        "nDCG": 0.38070511425223563
    },
    "CD008054": {
        "F0.5Measure": 0.08642389662695082,
        "F1Measure": 0.1293563579277865,
        "F3Measure": 0.3831132601822578,
        "NNR": 14.067632850241546,
        "NumRet": 2911,
        "Precision": 0.07076605977327378,
        "Recall": 0.7518248175182481,
        "nDCG": 0.5883605240420355
    },
    "CD008643": {
        "F0.5Measure": 0.0005318488840037585,
        "F1Measure": 0.0008504606661941884,
        "F3Measure": 0.004225947316523454,
        "NNR": 2014.2857142857142,
        "NumRet": 14099,
        "Precision": 0.0004255620966025959,
        "Recall": 0.5454545454545454,
        "nDCG": 0.10551640222708811
    },
    "CD008686": {
        "F0.5Measure": 0.0015997952262110451,
        "F1Measure": 0.0025562372188139056,
        "F3Measure": 0.012600806451612902,
        "NNR": 651,
        "NumRet": 3905,
        "Precision": 0.0012804097311139564,
        "Recall": 0.7142857142857143,
        "nDCG": 0.17357557980588595
    },
    "CD008691": {
        "F0.5Measure": 0.06704022413448067,
        "F1Measure": 0.10276073619631901,
        "F3Measure": 0.3548728813559322,
        "NNR": 18.11764705882353,
        "NumRet": 1231,
        "Precision": 0.054427294882209584,
        "Recall": 0.9178082191780822,
        "nDCG": 0.5537155871677283
    },
    "CD009020": {
        "F0.5Measure": 0.12721794442584533,
        "F1Measure": 0.18823529411764706,
        "F3Measure": 0.5221573342493988,
        "NNR": 9.50326797385621,
        "NumRet": 1453,
        "Precision": 0.10461114934618032,
        "Recall": 0.9382716049382716,
        "nDCG": 0.6363146083982838
    },
    "CD009323": {
        "F0.5Measure": 0.03322372927798329,
        "F1Measure": 0.05185779203421545,
        "F3Measure": 0.20563917744329024,
        "NNR": 36.93877551020408,
        "NumRet": 3619,
        "Precision": 0.02680298424979276,
        "Recall": 0.7950819672131147,
        "nDCG": 0.5467524605691442
    },
    "CD009591": {
        "F0.5Measure": 0.02363480100489224,
        "F1Measure": 0.03728327467083822,
        "F3Measure": 0.1620763912501417,
        "NNR": 52.27777777777778,
        "NumRet": 7527,
        "Precision": 0.018998272884283247,
        "Recall": 0.9930555555555556,
        "nDCG": 0.7174161684856624
    },
    "CD009593": {
        "F0.5Measure": 0.005644554348994732,
        "F1Measure": 0.008993576017130621,
        "F3Measure": 0.04305043050430504,
        "NNR": 217.703125,
        "NumRet": 13932,
        "Precision": 0.004521963824289405,
        "Recall": 0.8076923076923077,
        "nDCG": 0.616877015925874
    },
    "CD009944": {
        "F0.5Measure": 0.1079865016872891,
        "F1Measure": 0.16013344453711428,
        "F3Measure": 0.4496487119437939,
        "NNR": 11.164948453608247,
        "NumRet": 1082,
        "Precision": 0.08872458410351201,
        "Recall": 0.8205128205128205,
        "nDCG": 0.6641593980812385
    },
    "CD010409": {
        "F0.5Measure": 0.0014633075628612538,
        "F1Measure": 0.002338041889917194,
        "F3Measure": 0.011519631371796102,
        "NNR": 836.4285714285714,
        "NumRet": 40984,
        "Precision": 0.0011711887565879367,
        "Recall": 0.631578947368421,
        "nDCG": 0.276391808491952
    },
    "CD010438": {
        "F0.5Measure": 0.012320328542094458,
        "F1Measure": 0.0195248942401562,
        "F3Measure": 0.08862629246676516,
        "NNR": 97.90322580645162,
        "NumRet": 3034,
        "Precision": 0.00988793671720501,
        "Recall": 0.7692307692307693,
        "nDCG": 0.4849459831521933
    },
    "CD010632": {
        "F0.5Measure": 0.023885350318471336,
        "F1Measure": 0.037578288100208766,
        "F3Measure": 0.15948021264028353,
        "NNR": 50.214285714285715,
        "NumRet": 1405,
        "Precision": 0.019217081850533807,
        "Recall": 0.84375,
        "nDCG": 0.43741790083070203
    },
    "CD011134": {
        "F0.5Measure": 0.13032379416901788,
        "F1Measure": 0.19188921859545005,
        "F3Measure": 0.518439337252806,
        "NNR": 9.271794871794873,
        "NumRet": 1807,
        "Precision": 0.10736026563364692,
        "Recall": 0.9023255813953488,
        "nDCG": 0.6323568046931675
    },
    "CD011548": {
        "F0.5Measure": 0.011312928162906164,
        "F1Measure": 0.01797304043934099,
        "F3Measure": 0.08357839343754837,
        "NNR": 109.22935779816514,
        "NumRet": 11905,
        "Precision": 0.009071818563628728,
        "Recall": 0.9557522123893806,
        "nDCG": 0.5702748072836069
    },
    "CD011549": {
        "F0.5Measure": 0.00010500231005082114,
        "F1Measure": 0.00016798252981689904,
        "F3Measure": 0.0008387854386847846,
        "NNR": 5952.5,
        "NumRet": 11904,
        "Precision": 0.00008400537634408603,
        "Recall": 0.5,
        "nDCG": 0.08470750322019563
    },
    "CD011975": {
        "F0.5Measure": 0.0966369076189562,
        "F1Measure": 0.1459465990093029,
        "F3Measure": 0.4565726812306297,
        "NNR": 12.659504132231405,
        "NumRet": 7658,
        "Precision": 0.07887176808566206,
        "Recall": 0.975767366720517,
        "nDCG": 0.7584342575885096
    },
    "CD011984": {
        "F0.5Measure": 0.07107480542870008,
        "F1Measure": 0.10894749815134336,
        "F3Measure": 0.37629831431976846,
        "NNR": 17.293453724604966,
        "NumRet": 7660,
        "Precision": 0.0577023498694517,
        "Recall": 0.973568281938326,
        "nDCG": 0.6888128593519247
    }
}