{
    "CD007431": {
        "F0.5Measure": 0.02996005326231691,
        "F1Measure": 0.04681404421326398,
        "F3Measure": 0.18730489073881376,
        "NNR": 39.26315789473684,
        "NumRet": 745,
        "Precision": 0.024161073825503355,
        "Recall": 0.75,
        "nDCG": 0.49354436121589307
    },
    "CD008081": {
        "F0.5Measure": 0.08114374034003091,
        "F1Measure": 0.12244897959183675,
        "F3Measure": 0.3811252268602541,
        "NNR": 14.454545454545455,
        "NumRet": 317,
        "Precision": 0.06624605678233439,
        "Recall": 0.8076923076923077,
        "nDCG": 0.380214771437951
    },
    "CD008760": {
        "F0.5Measure": 0.5555555555555556,
        "F1Measure": 0.5925925925925926,
        "F3Measure": 0.6504065040650406,
        "NNR": 1.7777777777777777,
        "NumRet": 15,
        "Precision": 0.5333333333333333,
        "Recall": 0.6666666666666666,
        "nDCG": 0.7508370002602182
    },
    "CD008782": {
        "F0.5Measure": 0.014040014040014039,
        "F1Measure": 0.022253129346314324,
        "F3Measure": 0.1011378002528445,
        "NNR": 86.60975609756098,
        "NumRet": 3550,
        "Precision": 0.011267605633802818,
        "Recall": 0.8888888888888888,
        "nDCG": 0.4315865279227442
    },
    "CD008803": {
        "F0.5Measure": 0.05218147557617045,
        "F1Measure": 0.08004446914952751,
        "F3Measure": 0.277884986491702,
        "NNR": 23.301369863013697,
        "NumRet": 1700,
        "Precision": 0.042352941176470586,
        "Recall": 0.7272727272727273,
        "nDCG": 0.43460525979932985
    },
    "CD009135": {
        "F0.5Measure": 0.31341821743388837,
        "F1Measure": 0.4089456869009585,
        "F3Measure": 0.6889128094725512,
        "NNR": 3.646153846153846,
        "NumRet": 236,
        "Precision": 0.2711864406779661,
        "Recall": 0.8311688311688312,
        "nDCG": 0.7237325238893918
    },
    "CD009185": {
        "F0.5Measure": 0.17117117117117117,
        "F1Measure": 0.24358974358974358,
        "F3Measure": 0.5588235294117647,
        "NNR": 6.922077922077922,
        "NumRet": 532,
        "Precision": 0.14285714285714285,
        "Recall": 0.8260869565217391,
        "nDCG": 0.7021326088167401
    },
    "CD009372": {
        "F0.5Measure": 0.0354924578527063,
        "F1Measure": 0.05555555555555556,
        "F3Measure": 0.2255639097744361,
        "NNR": 33.6,
        "NumRet": 839,
        "Precision": 0.028605482717520857,
        "Recall": 0.96,
        "nDCG": 0.545864919240462
    },
    "CD009519": {
        "F0.5Measure": 0.062003968253968256,
        "F1Measure": 0.09551098376313276,
        "F3Measure": 0.3417634996582365,
        "NNR": 19.712871287128714,
        "NumRet": 1990,
        "Precision": 0.05025125628140704,
        "Recall": 0.9615384615384616,
        "nDCG": 0.7266701728700504
    },
    "CD009551": {
        "F0.5Measure": 0.09830205540661305,
        "F1Measure": 0.14814814814814814,
        "F3Measure": 0.4573804573804574,
        "NNR": 12.2,
        "NumRet": 548,
        "Precision": 0.08029197080291971,
        "Recall": 0.9565217391304348,
        "nDCG": 0.5646264146273869
    },
    "CD009579": {
        "F0.5Measure": 0.06808921295303452,
        "F1Measure": 0.10431211498973306,
        "F3Measure": 0.3588584345860413,
        "NNR": 17.953125,
        "NumRet": 2297,
        "Precision": 0.05528950805398346,
        "Recall": 0.9202898550724637,
        "nDCG": 0.7753406031253958
    },
    "CD009647": {
        "F0.5Measure": 0.04381918819188193,
        "F1Measure": 0.06749555950266431,
        "F3Measure": 0.24142312579415506,
        "NNR": 27.46153846153846,
        "NumRet": 1070,
        "Precision": 0.03551401869158879,
        "Recall": 0.6785714285714286,
        "nDCG": 0.4559080657598988
    },
    "CD009786": {
        "F0.5Measure": 0.014234875444839859,
        "F1Measure": 0.022535211267605635,
        "F3Measure": 0.10126582278481014,
        "NNR": 77.88888888888889,
        "NumRet": 700,
        "Precision": 0.011428571428571429,
        "Recall": 0.8,
        "nDCG": 0.39253454109082714
    },
    "CD009925": {
        "F0.5Measure": 0.18801276207839562,
        "F1Measure": 0.2599448601811737,
        "F3Measure": 0.5306319343945972,
        "NNR": 6.283987915407855,
        "NumRet": 2079,
        "Precision": 0.15873015873015872,
        "Recall": 0.717391304347826,
        "nDCG": 0.6309723420288327
    },
    "CD010023": {
        "F0.5Measure": 0.15463917525773196,
        "F1Measure": 0.22482435597189698,
        "F3Measure": 0.5693950177935942,
        "NNR": 7.673469387755102,
        "NumRet": 375,
        "Precision": 0.128,
        "Recall": 0.9230769230769231,
        "nDCG": 0.7209014163070879
    },
    "CD010173": {
        "F0.5Measure": 0.012844036697247709,
        "F1Measure": 0.020378457059679767,
        "F3Measure": 0.0935412026726058,
        "NNR": 92.68181818181819,
        "NumRet": 2038,
        "Precision": 0.010304219823356232,
        "Recall": 0.9130434782608695,
        "nDCG": 0.30782213377992407
    },
    "CD010276": {
        "F0.5Measure": 0.030031870556508952,
        "F1Measure": 0.047115384615384615,
        "F3Measure": 0.19506369426751594,
        "NNR": 40.54,
        "NumRet": 2026,
        "Precision": 0.02418558736426456,
        "Recall": 0.9074074074074074,
        "nDCG": 0.6776575552760823
    },
    "CD010339": {
        "F0.5Measure": 0.0287634734164951,
        "F1Measure": 0.045087802562885616,
        "F3Measure": 0.18532969176746,
        "NNR": 42.71875,
        "NumRet": 4100,
        "Precision": 0.023170731707317073,
        "Recall": 0.8333333333333334,
        "nDCG": 0.48524515510416905
    },
    "CD010386": {
        "F0.5Measure": 0.005720823798627003,
        "F1Measure": 0.009090909090909092,
        "F3Measure": 0.04237288135593221,
        "NNR": 109.5,
        "NumRet": 218,
        "Precision": 0.0045871559633027525,
        "Recall": 0.5,
        "nDCG": 0.1374944713139973
    },
    "CD010542": {
        "F0.5Measure": 0.12396694214876033,
        "F1Measure": 0.17647058823529413,
        "F3Measure": 0.40540540540540543,
        "NNR": 9,
        "NumRet": 116,
        "Precision": 0.10344827586206896,
        "Recall": 0.6,
        "nDCG": 0.46086046618629894
    },
    "CD010633": {
        "F0.5Measure": 0.009596928982725529,
        "F1Measure": 0.015267175572519085,
        "F3Measure": 0.07194244604316548,
        "NNR": 104.2,
        "NumRet": 520,
        "Precision": 0.007692307692307693,
        "Recall": 1,
        "nDCG": 0.6271996998584551
    },
    "CD010653": {
        "F0.5Measure": 0.01182570726826162,
        "F1Measure": 0.018691588785046728,
        "F3Measure": 0.08274984086569064,
        "NNR": 101.4074074074074,
        "NumRet": 2737,
        "Precision": 0.009499451954694921,
        "Recall": 0.5777777777777777,
        "nDCG": 0.30214217975756624
    },
    "CD010705": {
        "F0.5Measure": 0.5483870967741935,
        "F1Measure": 0.6071428571428571,
        "F3Measure": 0.7083333333333333,
        "NNR": 1.8888888888888888,
        "NumRet": 33,
        "Precision": 0.5151515151515151,
        "Recall": 0.7391304347826086,
        "nDCG": 0.7833039780627971
    },
    "CD010772": {
        "F0.5Measure": 0.3872437357630979,
        "F1Measure": 0.46896551724137925,
        "F3Measure": 0.6525911708253359,
        "NNR": 2.8285714285714287,
        "NumRet": 98,
        "Precision": 0.3469387755102041,
        "Recall": 0.723404255319149,
        "nDCG": 0.6584018851999897
    },
    "CD010775": {
        "F0.5Measure": 0.22026431718061673,
        "F1Measure": 0.30769230769230765,
        "F3Measure": 0.6535947712418301,
        "NNR": 5,
        "NumRet": 54,
        "Precision": 0.18518518518518517,
        "Recall": 0.9090909090909091,
        "nDCG": 0.7188537537706571
    },
    "CD010783": {
        "F0.5Measure": 0.011124422385760741,