{
    "CD007431": {
        "F0.5Measure": 0.027335984095427437,
        "F1Measure": 0.04296875,
        "F3Measure": 0.18092105263157893,
        "NNR": 43.52173913043478,
        "NumRet": 1000,
        "Precision": 0.022,
        "Recall": 0.9166666666666666,
        "nDCG": 0.5725447759711514
    },
    "CD008081": {
        "F0.5Measure": 0.032290114257327376,
        "F1Measure": 0.050682261208576995,
        "F3Measure": 0.2106969205834684,
        "NNR": 37.074074074074076,
        "NumRet": 1000,
        "Precision": 0.026,
        "Recall": 1,
        "nDCG": 0.4590043844198164
    },
    "CD008760": {
        "F0.5Measure": 0.013708873379860419,
        "F1Measure": 0.021739130434782608,
        "F3Measure": 0.09927797833935018,
        "NNR": 83.41666666666667,
        "NumRet": 1000,
        "Precision": 0.011,
        "Recall": 0.9166666666666666,
        "nDCG": 0.7633562331292666
    },
    "CD008782": {
        "F0.5Measure": 0.019777503090234856,
        "F1Measure": 0.03062200956937799,
        "F3Measure": 0.11387900355871886,
        "NNR": 58.88235294117647,
        "NumRet": 1000,
        "Precision": 0.016,
        "Recall": 0.35555555555555557,
        "nDCG": 0.2514470343396974
    },
    "CD008803": {
        "F0.5Measure": 0.06221029519394974,
        "F1Measure": 0.09281164695177432,
        "F3Measure": 0.2696985721840296,
        "NNR": 19.25,
        "NumRet": 1000,
        "Precision": 0.051,
        "Recall": 0.5151515151515151,
        "nDCG": 0.3531916538839295
    },
    "CD009135": {
        "F0.5Measure": 0.0919793966151582,
        "F1Measure": 0.1392757660167131,
        "F3Measure": 0.4430005906674542,
        "NNR": 13.171052631578947,
        "NumRet": 1000,
        "Precision": 0.075,
        "Recall": 0.974025974025974,
        "nDCG": 0.6965309099858836
    },
    "CD009185": {
        "F0.5Measure": 0.1087487781036168,
        "F1Measure": 0.16300366300366298,
        "F3Measure": 0.486870897155361,
        "NNR": 11.122222222222222,
        "NumRet": 1000,
        "Precision": 0.089,
        "Recall": 0.967391304347826,
        "nDCG": 0.7947906375608154
    },
    "CD009372": {
        "F0.5Measure": 0.026086956521739132,
        "F1Measure": 0.04097560975609756,
        "F3Measure": 0.17142857142857143,
        "NNR": 45.5,
        "NumRet": 1000,
        "Precision": 0.021,
        "Recall": 0.84,
        "nDCG": 0.409330666916164
    },
    "CD009519": {
        "F0.5Measure": 0.09868421052631578,
        "F1Measure": 0.1467391304347826,
        "F3Measure": 0.4183884297520661,
        "NNR": 12.207317073170731,
        "NumRet": 1000,
        "Precision": 0.081,
        "Recall": 0.7788461538461539,
        "nDCG": 0.5596457339325333
    },
    "CD009551": {
        "F0.5Measure": 0.049431537320810674,
        "F1Measure": 0.07648183556405354,
        "F3Measure": 0.2828854314002829,
        "NNR": 24.414634146341463,
        "NumRet": 1000,
        "Precision": 0.04,
        "Recall": 0.8695652173913043,
        "nDCG": 0.48500649470933677
    },
    "CD009579": {
        "F0.5Measure": 0.12687288545190914,
        "F1Measure": 0.1845342706502636,
        "F3Measure": 0.4683318465655664,
        "NNR": 9.443396226415095,
        "NumRet": 1000,
        "Precision": 0.105,
        "Recall": 0.7608695652173914,
        "nDCG": 0.7379886959154797
    },
    "CD009647": {
        "F0.5Measure": 0.03328402366863905,
        "F1Measure": 0.05113636363636364,
        "F3Measure": 0.17952127659574468,
        "NNR": 35.75,
        "NumRet": 1000,
        "Precision": 0.027,
        "Recall": 0.48214285714285715,
        "nDCG": 0.24796731298086136
    },
    "CD009786": {
        "F0.5Measure": 0.00997506234413965,
        "F1Measure": 0.015841584158415842,
        "F3Measure": 0.07339449541284403,
        "NNR": 111.22222222222223,
        "NumRet": 1000,
        "Precision": 0.008,
        "Recall": 0.8,
        "nDCG": 0.35078912408396107
    },
    "CD009925": {
        "F0.5Measure": 0.26121076233183854,
        "F1Measure": 0.31917808219178084,
        "F3Measure": 0.4533073929961089,
        "NNR": 4.277777777777778,
        "NumRet": 1000,
        "Precision": 0.233,
        "Recall": 0.5065217391304347,
        "nDCG": 0.4522568837843683
    },
    "CD010023": {
        "F0.5Measure": 0.06416584402764068,
        "F1Measure": 0.0988593155893536,
        "F3Measure": 0.3542234332425068,
        "NNR": 18.88679245283019,
        "NumRet": 1000,
        "Precision": 0.052,
        "Recall": 1,
        "nDCG": 0.7554027036382479
    },
    "CD010173": {
        "F0.5Measure": 0.02237136465324385,
        "F1Measure": 0.03519061583577712,
        "F3Measure": 0.14913007456503727,
        "NNR": 52.68421052631579,
        "NumRet": 1000,
        "Precision": 0.018,
        "Recall": 0.782608695652174,
        "nDCG": 0.32939069936122184
    },
    "CD010276": {
        "F0.5Measure": 0.041933892451899366,
        "F1Measure": 0.06451612903225806,
        "F3Measure": 0.2288021534320323,
        "NNR": 28.6,
        "NumRet": 1000,
        "Precision": 0.034,
        "Recall": 0.6296296296296297,
        "nDCG": 0.33595404959784203
    },
    "CD010339": {
        "F0.5Measure": 0.04496840058337384,
        "F1Measure": 0.06642728904847396,
        "F3Measure": 0.18262586377097728,
        "NNR": 26.342105263157894,
        "NumRet": 1000,
        "Precision": 0.037,
        "Recall": 0.32456140350877194,
        "nDCG": 0.20679858189542927
    },
    "CD010386": {
        "F0.5Measure": 0,
        "F1Measure": 0,
        "F3Measure": 0,
        "NNR": 1001,
        "NumRet": 1000,
        "Precision": 0,
        "Recall": 0,
        "nDCG": 0
    },
    "CD010542": {
        "F0.5Measure": 0.0236318407960199,
        "F1Measure": 0.03725490196078431,
        "F3Measure": 0.16101694915254236,
        "NNR": 50.05,
        "NumRet": 1000,
        "Precision": 0.019,
        "Recall": 0.95,
        "nDCG": 0.42345912763257815
    },
    "CD010633": {
        "F0.5Measure": 0.004995004995004996,
        "F1Measure": 0.00796812749003984,
        "F3Measure": 0.03861003861003861,
        "NNR": 200.2,
        "NumRet": 1000,
        "Precision": 0.004,
        "Recall": 1,
        "nDCG": 0.49371815674556174
    },
    "CD010653": {
        "F0.5Measure": 0.037082818294190356,
        "F1Measure": 0.057416267942583726,
        "F3Measure": 0.21352313167259782,
        "NNR": 32.29032258064516,
        "NumRet": 1000,
        "Precision": 0.03,
        "Recall": 0.6666666666666666,
        "nDCG": 0.45920478562693295
    },
    "CD010705": {
        "F0.5Measure": 0.02858563261247825,
        "F1Measure": 0.044965786901270774,
        "F3Measure": 0.1905550952775476,
        "NNR": 41.708333333333336,
        "NumRet": 1000,
        "Precision": 0.023,
        "Recall": 1,
        "nDCG": 0.7497023803603908
    },
    "CD010772": {
        "F0.5Measure": 0.05683222139856684,
        "F1Measure": 0.08787010506208215,
        "F3Measure": 0.32326071679550245,
        "NNR": 21.29787234042553,
        "NumRet": 1000,
        "Precision": 0.046,
        "Recall": 0.9787234042553191,
        "nDCG": 0.826551874039334
    },
    "CD010775": {
        "F0.5Measure": 0.013712291199202193,
        "F1Measure": 0.021760633036597428,
        "F3Measure": 0.10009099181073702,
        "NNR": 83.41666666666667,
        "NumRet": 1000,
        "Precision": 0.011,
        "Recall": 1,
        "nDCG": 0.7300072176321704
    },
    "CD010783": {
        "F0.5Measure": 0.009925558312655089,
        "F1Measure": 0.015533980582524273,
        "F3Measure": 0.06299212598425198,
        "NNR": 111.22222222222223,
        "NumRet": 1000,
        "Precision": 0.008,
        "Recall": 0.26666666666666666,
        "nDCG": 0.1405511480591588
    },
    "CD010860": {
        "F0.5Measure": 0.006239081607187423,
        "F1Measure": 0.009930486593843098,
        "F3Measure": 0.04703668861712136,
        "NNR": 166.83333333333334,