{
    "CD007431": {
        "F0.5Measure": 0.027335984095427437,
        "F1Measure": 0.04296875,
        "F3Measure": 0.18092105263157893,
        "NNR": 43.52173913043478,
        "NumRet": 1000,
        "Precision": 0.022,
        "Recall": 0.9166666666666666,
        "nDCG": 0.5739376575329852
    },
    "CD008081": {
        "F0.5Measure": 0.032290114257327376,
        "F1Measure": 0.050682261208576995,
        "F3Measure": 0.2106969205834684,
        "NNR": 37.074074074074076,
        "NumRet": 1000,
        "Precision": 0.026,
        "Recall": 1,
        "nDCG": 0.45783356063850433
    },
    "CD008760": {
        "F0.5Measure": 0.013708873379860419,
        "F1Measure": 0.021739130434782608,
        "F3Measure": 0.09927797833935018,
        "NNR": 83.41666666666667,
        "NumRet": 1000,
        "Precision": 0.011,
        "Recall": 0.9166666666666666,
        "nDCG": 0.7583008617223287
    },
    "CD008782": {
        "F0.5Measure": 0.019777503090234856,
        "F1Measure": 0.03062200956937799,
        "F3Measure": 0.11387900355871886,
        "NNR": 58.88235294117647,
        "NumRet": 1000,
        "Precision": 0.016,
        "Recall": 0.35555555555555557,
        "nDCG": 0.25314490574050036
    },
    "CD008803": {
        "F0.5Measure": 0.06221029519394974,
        "F1Measure": 0.09281164695177432,
        "F3Measure": 0.2696985721840296,
        "NNR": 19.25,
        "NumRet": 1000,
        "Precision": 0.051,
        "Recall": 0.5151515151515151,
        "nDCG": 0.3524193665504988
    },
    "CD009135": {
        "F0.5Measure": 0.09075300466028943,
        "F1Measure": 0.1374187558031569,
        "F3Measure": 0.43709391612522147,
        "NNR": 13.346666666666666,
        "NumRet": 1000,
        "Precision": 0.074,
        "Recall": 0.961038961038961,
        "nDCG": 0.6918031382068571
    },
    "CD009185": {
        "F0.5Measure": 0.1087487781036168,
        "F1Measure": 0.16300366300366298,
        "F3Measure": 0.486870897155361,
        "NNR": 11.122222222222222,
        "NumRet": 1000,
        "Precision": 0.089,
        "Recall": 0.967391304347826,
        "nDCG": 0.7929394323914819
    },
    "CD009372": {
        "F0.5Measure": 0.026086956521739132,
        "F1Measure": 0.04097560975609756,
        "F3Measure": 0.17142857142857143,
        "NNR": 45.5,
        "NumRet": 1000,
        "Precision": 0.021,
        "Recall": 0.84,
        "nDCG": 0.4087221336168382
    },
    "CD009519": {
        "F0.5Measure": 0.09868421052631578,
        "F1Measure": 0.1467391304347826,
        "F3Measure": 0.4183884297520661,
        "NNR": 12.207317073170731,
        "NumRet": 1000,
        "Precision": 0.081,
        "Recall": 0.7788461538461539,
        "nDCG": 0.55908940031052
    },
    "CD009551": {
        "F0.5Measure": 0.049431537320810674,
        "F1Measure": 0.07648183556405354,
        "F3Measure": 0.2828854314002829,
        "NNR": 24.414634146341463,
        "NumRet": 1000,
        "Precision": 0.04,
        "Recall": 0.8695652173913043,
        "nDCG": 0.48469234274529666
    },
    "CD009579": {
        "F0.5Measure": 0.12687288545190914,
        "F1Measure": 0.1845342706502636,
        "F3Measure": 0.4683318465655664,
        "NNR": 9.443396226415095,
        "NumRet": 1000,
        "Precision": 0.105,
        "Recall": 0.7608695652173914,
        "nDCG": 0.7399839174019546
    },
    "CD009647": {
        "F0.5Measure": 0.03328402366863905,
        "F1Measure": 0.05113636363636364,
        "F3Measure": 0.17952127659574468,
        "NNR": 35.75,
        "NumRet": 1000,
        "Precision": 0.027,
        "Recall": 0.48214285714285715,
        "nDCG": 0.24960770029992085
    },
    "CD009786": {
        "F0.5Measure": 0.00997506234413965,
        "F1Measure": 0.015841584158415842,
        "F3Measure": 0.07339449541284403,
        "NNR": 111.22222222222223,
        "NumRet": 1000,
        "Precision": 0.008,
        "Recall": 0.8,
        "nDCG": 0.3018029183603608
    },
    "CD009925": {
        "F0.5Measure": 0.2623318385650224,
        "F1Measure": 0.32054794520547947,
        "F3Measure": 0.4552529182879377,
        "NNR": 4.259574468085106,
        "NumRet": 1000,
        "Precision": 0.234,
        "Recall": 0.508695652173913,
        "nDCG": 0.4537240323309273
    },
    "CD010023": {
        "F0.5Measure": 0.06416584402764068,
        "F1Measure": 0.0988593155893536,
        "F3Measure": 0.3542234332425068,
        "NNR": 18.88679245283019,
        "NumRet": 1000,
        "Precision": 0.052,
        "Recall": 1,
        "nDCG": 0.7581979153956332
    },
    "CD010173": {
        "F0.5Measure": 0.02237136465324385,
        "F1Measure": 0.03519061583577712,
        "F3Measure": 0.14913007456503727,
        "NNR": 52.68421052631579,
        "NumRet": 1000,
        "Precision": 0.018,
        "Recall": 0.782608695652174,
        "nDCG": 0.33674495796313153
    },
    "CD010276": {
        "F0.5Measure": 0.041933892451899366,
        "F1Measure": 0.06451612903225806,
        "F3Measure": 0.2288021534320323,
        "NNR": 28.6,
        "NumRet": 1000,
        "Precision": 0.034,
        "Recall": 0.6296296296296297,
        "nDCG": 0.33151945516062065
    },
    "CD010339": {
        "F0.5Measure": 0.04496840058337384,
        "F1Measure": 0.06642728904847396,
        "F3Measure": 0.18262586377097728,
        "NNR": 26.342105263157894,
        "NumRet": 1000,
        "Precision": 0.037,
        "Recall": 0.32456140350877194,
        "nDCG": 0.20742723727248608
    },
    "CD010386": {
        "F0.5Measure": 0,
        "F1Measure": 0,
        "F3Measure": 0,
        "NNR": 1001,
        "NumRet": 1000,
        "Precision": 0,
        "Recall": 0,
        "nDCG": 0
    },
    "CD010542": {
        "F0.5Measure": 0.02114427860696518,
        "F1Measure": 0.03333333333333333,
        "F3Measure": 0.1440677966101695,
        "NNR": 55.611111111111114,
        "NumRet": 1000,
        "Precision": 0.017,
        "Recall": 0.85,
        "nDCG": 0.38410721819968224
    },
    "CD010633": {
        "F0.5Measure": 0.004995004995004996,
        "F1Measure": 0.00796812749003984,
        "F3Measure": 0.03861003861003861,
        "NNR": 200.2,
        "NumRet": 1000,
        "Precision": 0.004,
        "Recall": 1,
        "nDCG": 0.4924145443065631
    },
    "CD010653": {
        "F0.5Measure": 0.037082818294190356,
        "F1Measure": 0.057416267942583726,
        "F3Measure": 0.21352313167259782,
        "NNR": 32.29032258064516,
        "NumRet": 1000,
        "Precision": 0.03,
        "Recall": 0.6666666666666666,
        "nDCG": 0.4569553706194966
    },
    "CD010705": {
        "F0.5Measure": 0.02858563261247825,
        "F1Measure": 0.044965786901270774,
        "F3Measure": 0.1905550952775476,
        "NNR": 41.708333333333336,
        "NumRet": 1000,
        "Precision": 0.023,
        "Recall": 1,
        "nDCG": 0.7473433778379904
    },
    "CD010772": {
        "F0.5Measure": 0.053125772176921174,
        "F1Measure": 0.08213944603629417,
        "F3Measure": 0.3021784961349262,
        "NNR": 22.75,
        "NumRet": 1000,
        "Precision": 0.043,
        "Recall": 0.9148936170212766,
        "nDCG": 0.7887204868986639
    },
    "CD010775": {
        "F0.5Measure": 0.012465719272001996,
        "F1Measure": 0.019782393669634024,
        "F3Measure": 0.09099181073703368,
        "NNR": 91,
        "NumRet": 1000,
        "Precision": 0.01,
        "Recall": 0.9090909090909091,
        "nDCG": 0.60944689032409
    },
    "CD010783": {
        "F0.5Measure": 0.009925558312655089,
        "F1Measure": 0.015533980582524273,
        "F3Measure": 0.06299212598425198,
        "NNR": 111.22222222222223,
        "NumRet": 1000,
        "Precision": 0.008,
        "Recall": 0.26666666666666666,
        "nDCG": 0.14587231482425883
    },
    "CD010860": {
        "F0.5Measure": 0.006239081607187423,
        "F1Measure": 0.009930486593843098,
        "F3Measure": 0.04703668861712136,
        "NNR": 166.83333333333334,