{
    "CD007431": {
        "F0.5Measure": 0.01506024096385542,
        "F1Measure": 0.023880597014925377,
        "F3Measure": 0.10899182561307902,
        "NNR": 79.48,
        "NumRet": 1986,
        "Precision": 0.012084592145015106,
        "Recall": 1,
        "nDCG": 0.4062572468848896
    },
    "CD008081": {
        "F0.5Measure": 0.033871808233454925,
        "F1Measure": 0.05311542390194076,
        "F3Measure": 0.2190395956192081,
        "NNR": 35.333333333333336,
        "NumRet": 953,
        "Precision": 0.02728226652675761,
        "Recall": 1,
        "nDCG": 0.4515306324330528
    },
    "CD008760": {
        "F0.5Measure": 0.23076923076923078,
        "F1Measure": 0.3243243243243243,
        "F3Measure": 0.7058823529411764,
        "NNR": 4.846153846153846,
        "NumRet": 62,
        "Precision": 0.1935483870967742,
        "Recall": 1,
        "nDCG": 0.508996905120398
    },
    "CD008782": {
        "F0.5Measure": 0.005594649029017579,
        "F1Measure": 0.008921490880253766,
        "F3Measure": 0.04307044410413476,
        "NNR": 218.34782608695653,
        "NumRet": 10043,
        "Precision": 0.004480732848750373,
        "Recall": 1,
        "nDCG": 0.5109936664533757
    },
    "CD008803": {
        "F0.5Measure": 0.02770470700173504,
        "F1Measure": 0.04360273067606254,
        "F3Measure": 0.18563660228764298,
        "NNR": 44.43,
        "NumRet": 4442,
        "Precision": 0.022287257991895543,
        "Recall": 1,
        "nDCG": 0.5370877236244089
    },
    "CD009135": {
        "F0.5Measure": 0.12398042414355627,
        "F1Measure": 0.1844660194174757,
        "F3Measure": 0.5277777777777777,
        "NNR": 9.714285714285714,
        "NumRet": 747,
        "Precision": 0.10174029451137885,
        "Recall": 0.987012987012987,
        "nDCG": 0.8004476785438351
    },
    "CD009185": {
        "F0.5Measure": 0.08444691907943577,
        "F1Measure": 0.1285310734463277,
        "F3Measure": 0.42286245353159846,
        "NNR": 14.402173913043478,
        "NumRet": 1324,
        "Precision": 0.06873111782477341,
        "Recall": 0.9891304347826086,
        "nDCG": 0.7156180649474224
    },
    "CD009372": {
        "F0.5Measure": 0.014787649355258487,
        "F1Measure": 0.02345215759849906,
        "F3Measure": 0.10720411663807891,
        "NNR": 81.07692307692308,
        "NumRet": 2107,
        "Precision": 0.011865211200759373,
        "Recall": 1,
        "nDCG": 0.4771377570234571
    },
    "CD009519": {
        "F0.5Measure": 0.023550724637681156,
        "F1Measure": 0.037156127188281526,
        "F3Measure": 0.16174183514774493,
        "NNR": 52.333333333333336,
        "NumRet": 5494,
        "Precision": 0.01892974153622133,
        "Recall": 1,
        "nDCG": 0.6478557836259867
    },
    "CD009551": {
        "F0.5Measure": 0.05590666018473505,
        "F1Measure": 0.08654750705550328,
        "F3Measure": 0.3214535290006988,
        "NNR": 21.659574468085108,
        "NumRet": 1017,
        "Precision": 0.04523107177974434,
        "Recall": 1,
        "nDCG": 0.6066982194356638
    },
    "CD009579": {
        "F0.5Measure": 0.03237900477164281,
        "F1Measure": 0.05078274150439098,
        "F3Measure": 0.2097130242825607,
        "NNR": 38.06716417910448,
        "NumRet": 5100,
        "Precision": 0.02607843137254902,
        "Recall": 0.9637681159420289,
        "nDCG": 0.8044408164800876
    },
    "CD009647": {
        "F0.5Measure": 0.027525131641933938,
        "F1Measure": 0.04317221961520413,
        "F3Measure": 0.17836370686312525,
        "NNR": 44.170212765957444,
        "NumRet": 2075,
        "Precision": 0.02216867469879518,
        "Recall": 0.8214285714285714,
        "nDCG": 0.46950989205957827
    },
    "CD009786": {
        "F0.5Measure": 0.005797474877608863,
        "F1Measure": 0.009240246406570842,
        "F3Measure": 0.04437869822485206,
        "NNR": 193.9,
        "NumRet": 1938,
        "Precision": 0.0046439628482972135,
        "Recall": 0.9,
        "nDCG": 0.44910845016888834
    },
    "CD009925": {
        "F0.5Measure": 0.11825031393888656,
        "F1Measure": 0.17645910599258247,
        "F3Measure": 0.5134613200045439,
        "NNR": 10.295805739514348,
        "NumRet": 4663,
        "Precision": 0.09693330473943813,
        "Recall": 0.9826086956521739,
        "nDCG": 0.7776721506252969
    },
    "CD010023": {
        "F0.5Measure": 0.06856540084388185,
        "F1Measure": 0.10536980749746708,
        "F3Measure": 0.3706343549536707,
        "NNR": 17.660377358490567,
        "NumRet": 935,
        "Precision": 0.05561497326203209,
        "Recall": 1,
        "nDCG": 0.7663858850147156
    },
    "CD010173": {
        "F0.5Measure": 0.005867646308485127,
        "F1Measure": 0.009355297945901973,
        "F3Measure": 0.04508919819643207,
        "NNR": 203.95833333333334,
        "NumRet": 4894,
        "Precision": 0.00469963220269718,
        "Recall": 1,
        "nDCG": 0.3228131549880937
    },
    "CD010276": {
        "F0.5Measure": 0.013244383400372806,
        "F1Measure": 0.0210239439361495,
        "F3Measure": 0.09696534386783984,
        "NNR": 92.43636363636364,
        "NumRet": 5083,
        "Precision": 0.010623647452291954,
        "Recall": 1,
        "nDCG": 0.5539836734429523
    },
    "CD010339": {
        "F0.5Measure": 0.014042830633431968,
        "F1Measure": 0.022277473893585278,
        "F3Measure": 0.10212455548463571,
        "NNR": 87.98230088495575,
        "NumRet": 9941,
        "Precision": 0.01126647218589679,
        "Recall": 0.9824561403508771,
        "nDCG": 0.5643586650108712
    },
    "CD010386": {
        "F0.5Measure": 0.0041356492969396195,
        "F1Measure": 0.006600660066006602,
        "F3Measure": 0.03215434083601286,
        "NNR": 201.66666666666666,
        "NumRet": 604,
        "Precision": 0.0033112582781456954,
        "Recall": 1,
        "nDCG": 0.23071740649854258
    },
    "CD010542": {
        "F0.5Measure": 0.0708215297450425,
        "F1Measure": 0.10869565217391304,
        "F3Measure": 0.3787878787878788,
        "NNR": 16.61904761904762,
        "NumRet": 348,
        "Precision": 0.05747126436781609,
        "Recall": 1,
        "nDCG": 0.7094732264979783
    },
    "CD010633": {
        "F0.5Measure": 0.003246753246753247,
        "F1Measure": 0.005184705119896306,
        "F3Measure": 0.025396825396825397,
        "NNR": 308,
        "NumRet": 1539,
        "Precision": 0.002599090318388564,
        "Recall": 1,
        "nDCG": 0.4438953858537206
    },
    "CD010653": {
        "F0.5Measure": 0.0074919121403030815,
        "F1Measure": 0.011932203389830509,
        "F3Measure": 0.056884292178409825,
        "NNR": 162.9111111111111,
        "NumRet": 7330,
        "Precision": 0.006002728512960437,
        "Recall": 0.9777777777777777,
        "nDCG": 0.5314044626728218
    },
    "CD010705": {
        "F0.5Measure": 0.24008350730688935,
        "F1Measure": 0.3357664233576642,
        "F3Measure": 0.7165109034267912,
        "NNR": 4.791666666666667,
        "NumRet": 114,
        "Precision": 0.20175438596491227,
        "Recall": 1,
        "nDCG": 0.9577161918405555
    },
    "CD010772": {
        "F0.5Measure": 0.18146718146718147,
        "F1Measure": 0.2618384401114206,
        "F3Measure": 0.6394557823129251,
        "NNR": 6.520833333333333,
        "NumRet": 312,
        "Precision": 0.15064102564102563,
        "Recall": 1,
        "nDCG": 0.6501111820475951
    },
    "CD010775": {
        "F0.5Measure": 0.08943089430894309,
        "F1Measure": 0.13580246913580246,
        "F3Measure": 0.43999999999999995,
        "NNR": 12.666666666666666,
        "NumRet": 151,
        "Precision": 0.0728476821192053,
        "Recall": 1,
        "nDCG": 0.40339479635099135
    },
    "CD010783": {
        "F0.5Measure": 0.003458930959738044,
        "F1Measure": 0.005522827687776142,
        "F3Measure": 0.027017291066282423,