{
    "CD007431": {
        "F0.5Measure": 0.015857694429123003,
        "F1Measure": 0.025122883670125617,
        "F3Measure": 0.11369253583786455,
        "NNR": 75.33333333333333,
        "NumRet": 1807,
        "Precision": 0.012728278915329275,
        "Recall": 0.9583333333333334,
        "nDCG": 0.394662537584402
    },
    "CD008081": {
        "F0.5Measure": 0.037945125510799774,
        "F1Measure": 0.05936073059360731,
        "F3Measure": 0.23985239852398524,
        "NNR": 31.51851851851852,
        "NumRet": 850,
        "Precision": 0.03058823529411765,
        "Recall": 1,
        "nDCG": 0.4515306324330528
    },
    "CD008760": {
        "F0.5Measure": 0.25943396226415094,
        "F1Measure": 0.3548387096774193,
        "F3Measure": 0.6962025316455697,
        "NNR": 4.25,
        "NumRet": 50,
        "Precision": 0.22,
        "Recall": 0.9166666666666666,
        "nDCG": 0.4745508017479863
    },
    "CD008782": {
        "F0.5Measure": 0.005840363400389357,
        "F1Measure": 0.009311950336264873,
        "F3Measure": 0.04488778054862843,
        "NNR": 209.15217391304347,
        "NumRet": 9620,
        "Precision": 0.004677754677754678,
        "Recall": 1,
        "nDCG": 0.5109936664533757
    },
    "CD008803": {
        "F0.5Measure": 0.030114928400221255,
        "F1Measure": 0.04732013520038629,
        "F3Measure": 0.1986218078638022,
        "NNR": 40.84848484848485,
        "NumRet": 4043,
        "Precision": 0.024239426168686618,
        "Recall": 0.98989898989899,
        "nDCG": 0.53309993636853
    },
    "CD009135": {
        "F0.5Measure": 0.13970877607241244,
        "F1Measure": 0.20490620490620493,
        "F3Measure": 0.5423987776928954,
        "NNR": 8.569444444444445,
        "NumRet": 616,
        "Precision": 0.11525974025974026,
        "Recall": 0.922077922077922,
        "nDCG": 0.7697480995836715
    },
    "CD009185": {
        "F0.5Measure": 0.08907595927956145,
        "F1Measure": 0.1352154531946508,
        "F3Measure": 0.4370797310278578,
        "NNR": 13.641304347826088,
        "NumRet": 1254,
        "Precision": 0.07256778309409888,
        "Recall": 0.9891304347826086,
        "nDCG": 0.7156180649474224
    },
    "CD009372": {
        "F0.5Measure": 0.016081307088640168,
        "F1Measure": 0.025484199796126403,
        "F3Measure": 0.11563367252543942,
        "NNR": 74.53846153846153,
        "NumRet": 1937,
        "Precision": 0.012906556530717605,
        "Recall": 1,
        "nDCG": 0.4771377570234571
    },
    "CD009519": {
        "F0.5Measure": 0.02604688439190543,
        "F1Measure": 0.041033734464391396,
        "F3Measure": 0.17624131503135063,
        "NNR": 47.2952380952381,
        "NumRet": 4965,
        "Precision": 0.02094662638469285,
        "Recall": 1,
        "nDCG": 0.6478557836259867
    },
    "CD009551": {
        "F0.5Measure": 0.05607020965382741,
        "F1Measure": 0.08679245283018869,
        "F3Measure": 0.32212885154061627,
        "NNR": 21.595744680851062,
        "NumRet": 1014,
        "Precision": 0.045364891518737675,
        "Recall": 1,
        "nDCG": 0.6066982194356638
    },
    "CD009579": {
        "F0.5Measure": 0.049217002237136466,
        "F1Measure": 0.07638888888888888,
        "F3Measure": 0.2894736842105263,
        "NNR": 24.954887218045112,
        "NumRet": 3318,
        "Precision": 0.039783001808318265,
        "Recall": 0.9565217391304348,
        "nDCG": 0.8012907954465573
    },
    "CD009647": {
        "F0.5Measure": 0.029348986125933837,
        "F1Measure": 0.04592901878914405,
        "F3Measure": 0.18612521150592218,
        "NNR": 41.355555555555554,
        "NumRet": 1860,
        "Precision": 0.023655913978494623,
        "Recall": 0.7857142857142857,
        "nDCG": 0.4563945283003143
    },
    "CD009786": {
        "F0.5Measure": 0.007389162561576354,
        "F1Measure": 0.011764705882352941,
        "F3Measure": 0.05590062111801242,
        "NNR": 152.1,
        "NumRet": 1520,
        "Precision": 0.0059210526315789476,
        "Recall": 0.9,
        "nDCG": 0.44910845016888834
    },
    "CD009925": {
        "F0.5Measure": 0.13393946790334388,
        "F1Measure": 0.19765871229176044,
        "F3Measure": 0.5405072642206353,
        "NNR": 9.052272727272728,
        "NumRet": 3982,
        "Precision": 0.11024610748367654,
        "Recall": 0.9543478260869566,
        "nDCG": 0.7613862589632122
    },
    "CD010023": {
        "F0.5Measure": 0.07514450867052024,
        "F1Measure": 0.11504424778761062,
        "F3Measure": 0.3939393939393939,
        "NNR": 16.09433962264151,
        "NumRet": 852,
        "Precision": 0.06103286384976526,
        "Recall": 1,
        "nDCG": 0.7663858850147156
    },
    "CD010173": {
        "F0.5Measure": 0.007245920231869447,
        "F1Measure": 0.011543287327478044,
        "F3Measure": 0.05516910530103142,
        "NNR": 165.125,
        "NumRet": 3962,
        "Precision": 0.005805148914689551,
        "Recall": 1,
        "nDCG": 0.3228131549880937
    },
    "CD010276": {
        "F0.5Measure": 0.014879249170195721,
        "F1Measure": 0.023588115218870494,
        "F3Measure": 0.10741582317702954,
        "NNR": 82.18867924528301,
        "NumRet": 4355,
        "Precision": 0.011940298507462687,
        "Recall": 0.9629629629629629,
        "nDCG": 0.5418806465260805
    },
    "CD010339": {
        "F0.5Measure": 0.014576500598677704,
        "F1Measure": 0.023116615067079464,
        "F3Measure": 0.10564044519901906,
        "NNR": 84.75221238938053,
        "NumRet": 9576,
        "Precision": 0.011695906432748537,
        "Recall": 0.9824561403508771,
        "nDCG": 0.5643586650108712
    },
    "CD010386": {
        "F0.5Measure": 0.004793863854266539,
        "F1Measure": 0.007648183556405353,
        "F3Measure": 0.03710575139146567,
        "NNR": 174,
        "NumRet": 521,
        "Precision": 0.003838771593090211,
        "Recall": 1,
        "nDCG": 0.23071740649854258
    },
    "CD010542": {
        "F0.5Measure": 0.07330246913580248,
        "F1Measure": 0.11209439528023599,
        "F3Measure": 0.3807615230460922,
        "NNR": 16,
        "NumRet": 319,
        "Precision": 0.05956112852664577,
        "Recall": 0.95,
        "nDCG": 0.6926414285208472
    },
    "CD010633": {
        "F0.5Measure": 0.0054288816503800215,
        "F1Measure": 0.008658008658008658,
        "F3Measure": 0.04184100418410042,
        "NNR": 184.2,
        "NumRet": 920,
        "Precision": 0.004347826086956522,
        "Recall": 1,
        "nDCG": 0.4438953858537206
    },
    "CD010653": {
        "F0.5Measure": 0.009933117012118403,
        "F1Measure": 0.015752165922814386,
        "F3Measure": 0.07195970256656273,
        "NNR": 121.45161290322581,
        "NumRet": 3764,
        "Precision": 0.007970244420828906,
        "Recall": 0.6666666666666666,
        "nDCG": 0.43579473638540056
    },
    "CD010705": {
        "F0.5Measure": 0.2798053527980535,
        "F1Measure": 0.3833333333333333,
        "F3Measure": 0.756578947368421,
        "NNR": 4.083333333333333,
        "NumRet": 97,
        "Precision": 0.23711340206185566,
        "Recall": 1,
        "nDCG": 0.9577161918405555
    },
    "CD010772": {
        "F0.5Measure": 0.2138307552320291,
        "F1Measure": 0.3032258064516129,
        "F3Measure": 0.685131195335277,
        "NNR": 5.5,
        "NumRet": 263,
        "Precision": 0.17870722433460076,
        "Recall": 1,
        "nDCG": 0.6501111820475951
    },
    "CD010775": {
        "F0.5Measure": 0.09181969949916527,
        "F1Measure": 0.13924050632911392,
        "F3Measure": 0.4471544715447154,
        "NNR": 12.333333333333334,
        "NumRet": 147,
        "Precision": 0.07482993197278912,
        "Recall": 1,
        "nDCG": 0.40339479635099135
    },
    "CD010783": {
        "F0.5Measure": 0.0036853225885705864,
        "F1Measure": 0.00588350656991567,
        "F3Measure": 0.028741138149070703,