{
    "CD007431": {
        "F0.5Measure": 0.016881972988843218,
        "F1Measure": 0.02672864613596746,
        "F3Measure": 0.12023000522739151,
        "NNR": 70.75,
        "NumRet": 1697,
        "Precision": 0.013553329404832056,
        "Recall": 0.9583333333333334,
        "nDCG": 0.394662537584402
    },
    "CD008081": {
        "F0.5Measure": 0.04153354632587859,
        "F1Measure": 0.06483790523690772,
        "F3Measure": 0.2574257425742574,
        "NNR": 28.77777777777778,
        "NumRet": 776,
        "Precision": 0.03350515463917526,
        "Recall": 1,
        "nDCG": 0.4515306324330528
    },
    "CD008760": {
        "F0.5Measure": 0.25510204081632654,
        "F1Measure": 0.3448275862068966,
        "F3Measure": 0.6493506493506493,
        "NNR": 4.2727272727272725,
        "NumRet": 46,
        "Precision": 0.21739130434782608,
        "Recall": 0.8333333333333334,
        "nDCG": 0.4393924751210958
    },
    "CD008782": {
        "F0.5Measure": 0.006261653633150586,
        "F1Measure": 0.009981146722856826,
        "F3Measure": 0.0479897621840674,
        "NNR": 195.06521739130434,
        "NumRet": 8972,
        "Precision": 0.005015604101649577,
        "Recall": 1,
        "nDCG": 0.5109936664533757
    },
    "CD008803": {
        "F0.5Measure": 0.0343391539416965,
        "F1Measure": 0.05377574370709383,
        "F3Measure": 0.2192164179104478,
        "NNR": 35.76842105263158,
        "NumRet": 3397,
        "Precision": 0.027671474830733,
        "Recall": 0.9494949494949495,
        "nDCG": 0.5168424517098158
    },
    "CD009135": {
        "F0.5Measure": 0.15704387990762123,
        "F1Measure": 0.22704507512520863,
        "F3Measure": 0.559670781893004,
        "NNR": 7.579710144927536,
        "NumRet": 522,
        "Precision": 0.13026819923371646,
        "Recall": 0.8831168831168831,
        "nDCG": 0.7507512493913331
    },
    "CD009185": {
        "F0.5Measure": 0.10769603097773475,
        "F1Measure": 0.16152450090744103,
        "F3Measure": 0.48422198041349296,
        "NNR": 11.233333333333333,
        "NumRet": 1010,
        "Precision": 0.08811881188118811,
        "Recall": 0.967391304347826,
        "nDCG": 0.7055459629650201
    },
    "CD009372": {
        "F0.5Measure": 0.016454134101192924,
        "F1Measure": 0.026058631921824105,
        "F3Measure": 0.11753183153770813,
        "NNR": 72.72,
        "NumRet": 1817,
        "Precision": 0.013208585580627407,
        "Recall": 0.96,
        "nDCG": 0.4658503241549637
    },
    "CD009519": {
        "F0.5Measure": 0.028175119202427396,
        "F1Measure": 0.044330775788576304,
        "F3Measure": 0.18826937002172342,
        "NNR": 43.7047619047619,
        "NumRet": 4588,
        "Precision": 0.022667829119442023,
        "Recall": 1,
        "nDCG": 0.6478557836259867
    },
    "CD009551": {
        "F0.5Measure": 0.06120276742948377,
        "F1Measure": 0.09445585215605751,
        "F3Measure": 0.34277198211624443,
        "NNR": 19.76595744680851,
        "NumRet": 928,
        "Precision": 0.04956896551724138,
        "Recall": 1,
        "nDCG": 0.6066982194356638
    },
    "CD009579": {
        "F0.5Measure": 0.05012912046179553,
        "F1Measure": 0.07776141384388806,
        "F3Measure": 0.293398533007335,
        "NNR": 24.49624060150376,
        "NumRet": 3257,
        "Precision": 0.04052809333742708,
        "Recall": 0.9565217391304348,
        "nDCG": 0.8012907954465573
    },
    "CD009647": {
        "F0.5Measure": 0.03270580727504786,
        "F1Measure": 0.0509633312616532,
        "F3Measure": 0.19931939718035976,
        "NNR": 37,
        "NumRet": 1553,
        "Precision": 0.026400515132002575,
        "Recall": 0.7321428571428571,
        "nDCG": 0.43631165393028337
    },
    "CD009786": {
        "F0.5Measure": 0.008041817450743867,
        "F1Measure": 0.012789768185451638,
        "F3Measure": 0.060105184072126214,
        "NNR": 138,
        "NumRet": 1241,
        "Precision": 0.0064464141821112,
        "Recall": 0.8,
        "nDCG": 0.42770758406242393
    },
    "CD009925": {
        "F0.5Measure": 0.15172801348693452,
        "F1Measure": 0.22131147540983606,
        "F3Measure": 0.5696202531645569,
        "NNR": 7.956120092378753,
        "NumRet": 3444,
        "Precision": 0.1254355400696864,
        "Recall": 0.9391304347826087,
        "nDCG": 0.7524414589364652
    },
    "CD010023": {
        "F0.5Measure": 0.07985257985257985,
        "F1Measure": 0.12192262602579135,
        "F3Measure": 0.4097714736012608,
        "NNR": 15.132075471698114,
        "NumRet": 801,
        "Precision": 0.06491885143570537,
        "Recall": 1,
        "nDCG": 0.7663858850147156
    },
    "CD010173": {
        "F0.5Measure": 0.00795792678707356,
        "F1Measure": 0.012672176308539944,
        "F3Measure": 0.060304142632406924,
        "NNR": 150.33333333333334,
        "NumRet": 3607,
        "Precision": 0.00637649015802606,
        "Recall": 1,
        "nDCG": 0.3228131549880937
    },
    "CD010276": {
        "F0.5Measure": 0.0169734952343648,
        "F1Measure": 0.026873385012919897,
        "F3Measure": 0.1208740120874012,
        "NNR": 72.01886792452831,
        "NumRet": 3816,
        "Precision": 0.013626834381551363,
        "Recall": 0.9629629629629629,
        "nDCG": 0.5418806465260805
    },
    "CD010339": {
        "F0.5Measure": 0.015991775658232912,
        "F1Measure": 0.025339366515837104,
        "F3Measure": 0.1148482362592289,
        "NNR": 77.23008849557522,
        "NumRet": 8726,
        "Precision": 0.012835205134082053,
        "Recall": 0.9824561403508771,
        "nDCG": 0.5643586650108712
    },
    "CD010386": {
        "F0.5Measure": 0.00511770726714432,
        "F1Measure": 0.00816326530612245,
        "F3Measure": 0.03952569169960475,
        "NNR": 163,
        "NumRet": 488,
        "Precision": 0.004098360655737705,
        "Recall": 1,
        "nDCG": 0.23071740649854258
    },
    "CD010542": {
        "F0.5Measure": 0.08050847457627121,
        "F1Measure": 0.12258064516129033,
        "F3Measure": 0.4042553191489362,
        "NNR": 14.55,
        "NumRet": 290,
        "Precision": 0.06551724137931035,
        "Recall": 0.95,
        "nDCG": 0.6926414285208472
    },
    "CD010633": {
        "F0.5Measure": 0.0075075075075075074,
        "F1Measure": 0.01195814648729447,
        "F3Measure": 0.05706134094151213,
        "NNR": 133.2,
        "NumRet": 665,
        "Precision": 0.006015037593984963,
        "Recall": 1,
        "nDCG": 0.4438953858537206
    },
    "CD010653": {
        "F0.5Measure": 0.014120167494400624,
        "F1Measure": 0.022299115724721263,
        "F3Measure": 0.09793988517392774,
        "NNR": 85.23333333333333,
        "NumRet": 2556,
        "Precision": 0.01134585289514867,
        "Recall": 0.6444444444444445,
        "nDCG": 0.4286252866553904
    },
    "CD010705": {
        "F0.5Measure": 0.3605015673981191,
        "F1Measure": 0.4742268041237113,
        "F3Measure": 0.8185053380782917,
        "NNR": 3.125,
        "NumRet": 74,
        "Precision": 0.3108108108108108,
        "Recall": 1,
        "nDCG": 0.9577161918405555
    },
    "CD010772": {
        "F0.5Measure": 0.22840119165839126,
        "F1Measure": 0.3205574912891986,
        "F3Measure": 0.693815987933635,
        "NNR": 5.127659574468085,
        "NumRet": 240,
        "Precision": 0.19166666666666668,
        "Recall": 0.9787234042553191,
        "nDCG": 0.6399070432178305
    },
    "CD010775": {
        "F0.5Measure": 0.09433962264150944,
        "F1Measure": 0.14285714285714288,
        "F3Measure": 0.4545454545454546,
        "NNR": 12,
        "NumRet": 143,
        "Precision": 0.07692307692307693,
        "Recall": 1,
        "nDCG": 0.40339479635099135
    },
    "CD010783": {
        "F0.5Measure": 0.003972668043858255,
        "F1Measure": 0.006341154090044388,
        "F3Measure": 0.030921459492888066,
        "NNR": 304.2903225806452,