{
    "CD007431": {
        "F0.5Measure": 0.015552099533437015,
        "F1Measure": 0.02465331278890601,
        "F3Measure": 0.11220196353436186,
        "NNR": 76.96,
        "NumRet": 1923,
        "Precision": 0.0124804992199688,
        "Recall": 1,
        "nDCG": 0.4062572468848896
    },
    "CD008081": {
        "F0.5Measure": 0.03561643835616438,
        "F1Measure": 0.055793991416309016,
        "F3Measure": 0.2280701754385965,
        "NNR": 33.592592592592595,
        "NumRet": 906,
        "Precision": 0.02869757174392936,
        "Recall": 1,
        "nDCG": 0.4515306324330528
    },
    "CD008760": {
        "F0.5Measure": 0.24193548387096772,
        "F1Measure": 0.33802816901408456,
        "F3Measure": 0.718562874251497,
        "NNR": 4.615384615384615,
        "NumRet": 59,
        "Precision": 0.2033898305084746,
        "Recall": 1,
        "nDCG": 0.508996905120398
    },
    "CD008782": {
        "F0.5Measure": 0.005784507802658303,
        "F1Measure": 0.009223201475712236,
        "F3Measure": 0.044475192725835146,
        "NNR": 211.17391304347825,
        "NumRet": 9713,
        "Precision": 0.004632966127869865,
        "Recall": 1,
        "nDCG": 0.5109936664533757
    },
    "CD008803": {
        "F0.5Measure": 0.02770470700173504,
        "F1Measure": 0.04360273067606254,
        "F3Measure": 0.18563660228764298,
        "NNR": 44.43,
        "NumRet": 4442,
        "Precision": 0.022287257991895543,
        "Recall": 1,
        "nDCG": 0.5370877236244089
    },
    "CD009135": {
        "F0.5Measure": 0.13638039071138963,
        "F1Measure": 0.20108695652173914,
        "F3Measure": 0.5473372781065089,
        "NNR": 8.8,
        "NumRet": 659,
        "Precision": 0.11229135053110774,
        "Recall": 0.961038961038961,
        "nDCG": 0.7882415860554254
    },
    "CD009185": {
        "F0.5Measure": 0.08444691907943577,
        "F1Measure": 0.1285310734463277,
        "F3Measure": 0.42286245353159846,
        "NNR": 14.402173913043478,
        "NumRet": 1324,
        "Precision": 0.06873111782477341,
        "Recall": 0.9891304347826086,
        "nDCG": 0.7156180649474224
    },
    "CD009372": {
        "F0.5Measure": 0.01480867195829878,
        "F1Measure": 0.023485204321277594,
        "F3Measure": 0.107342206955775,
        "NNR": 80.96153846153847,
        "NumRet": 2104,
        "Precision": 0.01188212927756654,
        "Recall": 1,
        "nDCG": 0.4771377570234571
    },
    "CD009519": {
        "F0.5Measure": 0.024546827794561934,
        "F1Measure": 0.03870487532564198,
        "F3Measure": 0.16757976152110857,
        "NNR": 50.2,
        "NumRet": 5270,
        "Precision": 0.019734345351043642,
        "Recall": 1,
        "nDCG": 0.6478557836259867
    },
    "CD009551": {
        "F0.5Measure": 0.05590666018473505,
        "F1Measure": 0.08654750705550328,
        "F3Measure": 0.3214535290006988,
        "NNR": 21.659574468085108,
        "NumRet": 1017,
        "Precision": 0.04523107177974434,
        "Recall": 1,
        "nDCG": 0.6066982194356638
    },
    "CD009579": {
        "F0.5Measure": 0.03620032661948829,
        "F1Measure": 0.056643952299829645,
        "F3Measure": 0.22931034482758622,
        "NNR": 34.02238805970149,
        "NumRet": 4558,
        "Precision": 0.02917946467749013,
        "Recall": 0.9637681159420289,
        "nDCG": 0.8044408164800876
    },
    "CD009647": {
        "F0.5Measure": 0.027525131641933938,
        "F1Measure": 0.04317221961520413,
        "F3Measure": 0.17836370686312525,
        "NNR": 44.170212765957444,
        "NumRet": 2075,
        "Precision": 0.02216867469879518,
        "Recall": 0.8214285714285714,
        "nDCG": 0.46950989205957827
    },
    "CD009786": {
        "F0.5Measure": 0.006452537998279323,
        "F1Measure": 0.010279840091376356,
        "F3Measure": 0.04915346805024577,
        "NNR": 174.2,
        "NumRet": 1741,
        "Precision": 0.005169442848937392,
        "Recall": 0.9,
        "nDCG": 0.44910845016888834
    },
    "CD009925": {
        "F0.5Measure": 0.11834939254294091,
        "F1Measure": 0.17659699159992184,
        "F3Measure": 0.5136947380384134,
        "NNR": 10.286975717439294,
        "NumRet": 4659,
        "Precision": 0.0970165271517493,
        "Recall": 0.9826086956521739,
        "nDCG": 0.7776721506252969
    },
    "CD010023": {
        "F0.5Measure": 0.0686378035902851,
        "F1Measure": 0.10547667342799188,
        "F3Measure": 0.37089871611982883,
        "NNR": 17.641509433962263,
        "NumRet": 934,
        "Precision": 0.055674518201284794,
        "Recall": 1,
        "nDCG": 0.7663858850147156
    },
    "CD010173": {
        "F0.5Measure": 0.007175391526798528,
        "F1Measure": 0.01143141153081511,
        "F3Measure": 0.05465779467680609,
        "NNR": 166.75,
        "NumRet": 4001,
        "Precision": 0.005748562859285179,
        "Recall": 1,
        "nDCG": 0.3228131549880937
    },
    "CD010276": {
        "F0.5Measure": 0.01448145260109168,
        "F1Measure": 0.02296312651799514,
        "F3Measure": 0.10481757710139085,
        "NNR": 84.45283018867924,
        "NumRet": 4475,
        "Precision": 0.011620111731843576,
        "Recall": 0.9629629629629629,
        "nDCG": 0.5418806465260805
    },
    "CD010339": {
        "F0.5Measure": 0.014049877063575692,
        "F1Measure": 0.022288557213930346,
        "F3Measure": 0.10217113665389527,
        "NNR": 87.93805309734513,
        "NumRet": 9936,
        "Precision": 0.011272141706924315,
        "Recall": 0.9824561403508771,
        "nDCG": 0.5643586650108712
    },
    "CD010386": {
        "F0.5Measure": 0.004468275245755138,
        "F1Measure": 0.0071301247771836,
        "F3Measure": 0.03466204506065858,
        "NNR": 186.66666666666666,
        "NumRet": 559,
        "Precision": 0.0035778175313059034,
        "Recall": 1,
        "nDCG": 0.23071740649854258
    },
    "CD010542": {
        "F0.5Measure": 0.07005899705014748,
        "F1Measure": 0.10734463276836156,
        "F3Measure": 0.3696498054474707,
        "NNR": 16.75,
        "NumRet": 334,
        "Precision": 0.05688622754491018,
        "Recall": 0.95,
        "nDCG": 0.6926414285208472
    },
    "CD010633": {
        "F0.5Measure": 0.004835589941972922,
        "F1Measure": 0.007714561234329799,
        "F3Measure": 0.037418147801683815,
        "NNR": 206.8,
        "NumRet": 1033,
        "Precision": 0.003872216844143272,
        "Recall": 1,
        "nDCG": 0.4438953858537206
    },
    "CD010653": {
        "F0.5Measure": 0.009592632857965085,
        "F1Measure": 0.015216839969566322,
        "F3Measure": 0.06971880083662561,
        "NNR": 125.7741935483871,
        "NumRet": 3898,
        "Precision": 0.007696254489481785,
        "Recall": 0.6666666666666666,
        "nDCG": 0.43579473638540056
    },
    "CD010705": {
        "F0.5Measure": 0.25727069351230425,
        "F1Measure": 0.3565891472868217,
        "F3Measure": 0.7348242811501599,
        "NNR": 4.458333333333333,
        "NumRet": 106,
        "Precision": 0.2169811320754717,
        "Recall": 1,
        "nDCG": 0.9577161918405555
    },
    "CD010772": {
        "F0.5Measure": 0.19731318219983207,
        "F1Measure": 0.28228228228228225,
        "F3Measure": 0.6629055007052186,
        "NNR": 5.979166666666667,
        "NumRet": 286,
        "Precision": 0.16433566433566432,
        "Recall": 1,
        "nDCG": 0.6501111820475951
    },
    "CD010775": {
        "F0.5Measure": 0.08943089430894309,
        "F1Measure": 0.13580246913580246,
        "F3Measure": 0.43999999999999995,
        "NNR": 12.666666666666666,
        "NumRet": 151,
        "Precision": 0.0728476821192053,
        "Recall": 1,
        "nDCG": 0.40339479635099135
    },
    "CD010783": {
        "F0.5Measure": 0.003473669584549118,
        "F1Measure": 0.005546311702717692,
        "F3Measure": 0.02712967986977754,
        "NNR": 348.03225806451616,
        "NumRet": 10788,