{
    "CD007394": {
        "F0.5Measure": 0.06357103372028744,
        "F1Measure": 0.0979765708200213,
        "F3Measure": 0.3519510328997704,
        "NNR": 19.21505376344086,
        "NumRet": 1786,
        "Precision": 0.051511758118701005,
        "Recall": 1,
        "nDCG": 0.7553843687242072
    },
    "CD007427": {
        "F0.5Measure": 0.06985555292446129,
        "F1Measure": 0.10727272727272727,
        "F3Measure": 0.37531806615776087,
        "NNR": 17.366666666666667,
        "NumRet": 1041,
        "Precision": 0.056676272814601344,
        "Recall": 1,
        "nDCG": 0.640563293374797
    },
    "CD008054": {
        "F0.5Measure": 0.1166316771635176,
        "F1Measure": 0.17406440382941687,
        "F3Measure": 0.5068423720223011,
        "NNR": 10.412935323383085,
        "NumRet": 2092,
        "Precision": 0.09560229445506692,
        "Recall": 0.970873786407767,
        "nDCG": 0.7153175110656017
    },
    "CD008081": {
        "F0.5Measure": 0.04667662434652726,
        "F1Measure": 0.07256894049346879,
        "F3Measure": 0.2787068004459309,
        "NNR": 25.53846153846154,
        "NumRet": 663,
        "Precision": 0.03770739064856712,
        "Recall": 0.9615384615384616,
        "nDCG": 0.43572510829573546
    },
    "CD008643": {
        "F0.5Measure": 0.0007105973755270263,
        "F1Measure": 0.0011364712567477982,
        "F3Measure": 0.0056566418402941455,
        "NNR": 1507.7142857142858,
        "NumRet": 10553,
        "Precision": 0.0005685587036861556,
        "Recall": 1,
        "nDCG": 0.15396920454852414
    },
    "CD008686": {
        "F0.5Measure": 0.002107037505267594,
        "F1Measure": 0.003367003367003367,
        "F3Measure": 0.016611295681063124,
        "NNR": 494.3333333333333,
        "NumRet": 2965,
        "Precision": 0.0016863406408094434,
        "Recall": 1,
        "nDCG": 0.21414727350271603
    },
    "CD008691": {
        "F0.5Measure": 0.08545884827767553,
        "F1Measure": 0.12987012987012986,
        "F3Measure": 0.4229017566688354,
        "NNR": 14.166666666666666,
        "NumRet": 934,
        "Precision": 0.069593147751606,
        "Recall": 0.9701492537313433,
        "nDCG": 0.5752906269034818
    },
    "CD008760": {
        "F0.5Measure": 0.375,
        "F1Measure": 0.489795918367347,
        "F3Measure": 0.8275862068965517,
        "NNR": 2.923076923076923,
        "NumRet": 37,
        "Precision": 0.32432432432432434,
        "Recall": 1,
        "nDCG": 0.9189064162990698
    },
    "CD008782": {
        "F0.5Measure": 0.007454033460327978,
        "F1Measure": 0.01187335092348285,
        "F3Measure": 0.05667506297229219,
        "NNR": 163.82608695652175,
        "NumRet": 7535,
        "Precision": 0.005972130059721301,
        "Recall": 1,
        "nDCG": 0.4678468726895539
    },
    "CD008803": {
        "F0.5Measure": 0.03439320558714116,
        "F1Measure": 0.05390539053905391,
        "F3Measure": 0.22131887985546525,
        "NNR": 35.73737373737374,
        "NumRet": 3537,
        "Precision": 0.027707096409386487,
        "Recall": 0.98989898989899,
        "nDCG": 0.5486191365943053
    },
    "CD009020": {
        "F0.5Measure": 0.15459160129210892,
        "F1Measure": 0.22351959966638865,
        "F3Measure": 0.5512134923899631,
        "NNR": 7.7481481481481485,
        "NumRet": 1045,
        "Precision": 0.12822966507177033,
        "Recall": 0.8701298701298701,
        "nDCG": 0.5995056797548886
    },
    "CD009135": {
        "F0.5Measure": 0.17069701280227595,
        "F1Measure": 0.24615384615384614,
        "F3Measure": 0.5995004163197336,
        "NNR": 6.972602739726027,
        "NumRet": 508,
        "Precision": 0.14173228346456693,
        "Recall": 0.935064935064935,
        "nDCG": 0.7886225653969721
    },
    "CD009185": {
        "F0.5Measure": 0.10098743267504488,
        "F1Measure": 0.1521555367709214,
        "F3Measure": 0.46899426784783743,
        "NNR": 12,
        "NumRet": 1091,
        "Precision": 0.08249312557286893,
        "Recall": 0.9782608695652174,
        "nDCG": 0.7814914675867016
    },
    "CD009323": {
        "F0.5Measure": 0.04261106074342702,
        "F1Measure": 0.06640762981278701,
        "F3Measure": 0.2600276625172891,
        "NNR": 28.778947368421054,
        "NumRet": 2733,
        "Precision": 0.034394438346139776,
        "Recall": 0.9591836734693877,
        "nDCG": 0.6275412853450771
    },
    "CD009372": {
        "F0.5Measure": 0.019028771502511796,
        "F1Measure": 0.030102347983142683,
        "F3Measure": 0.13433637829124126,
        "NNR": 62.96153846153846,
        "NumRet": 1636,
        "Precision": 0.015281173594132029,
        "Recall": 1,
        "nDCG": 0.5020133143613437
    },
    "CD009519": {
        "F0.5Measure": 0.03106332138590203,
        "F1Measure": 0.048791930565329586,
        "F3Measure": 0.20412168792934252,
        "NNR": 39.61904761904762,
        "NumRet": 4159,
        "Precision": 0.025006011060351045,
        "Recall": 1,
        "nDCG": 0.7246203509750236
    },
    "CD009551": {
        "F0.5Measure": 0.04404442742244351,
        "F1Measure": 0.06865671641791045,
        "F3Measure": 0.2693208430913349,
        "NNR": 27.5531914893617,
        "NumRet": 1294,
        "Precision": 0.03554868624420402,
        "Recall": 1,
        "nDCG": 0.6003969139935621
    },
    "CD009579": {
        "F0.5Measure": 0.03655520911729922,
        "F1Measure": 0.05721497686159024,
        "F3Measure": 0.23216114714919772,
        "NNR": 33.7007299270073,
        "NumRet": 4616,
        "Precision": 0.029462738301559793,
        "Recall": 0.9855072463768116,
        "nDCG": 0.8099545749823479
    },
    "CD009591": {
        "F0.5Measure": 0.030921593218872986,
        "F1Measure": 0.04857336956521739,
        "F3Measure": 0.2033560864618885,
        "NNR": 39.90277777777778,
        "NumRet": 5745,
        "Precision": 0.024891209747606613,
        "Recall": 1,
        "nDCG": 0.721069831627237
    },
    "CD009593": {
        "F0.5Measure": 0.007346145643261689,
        "F1Measure": 0.011701424931584412,
        "F3Measure": 0.055850824250067564,
        "NNR": 167.22222222222223,
        "NumRet": 10534,
        "Precision": 0.005885703436491361,
        "Recall": 0.9841269841269841,
        "nDCG": 0.7106964879786114
    },
    "CD009647": {
        "F0.5Measure": 0.0320357833655706,
        "F1Measure": 0.05023696682464455,
        "F3Measure": 0.20719311962470682,
        "NNR": 38.05555555555556,
        "NumRet": 2054,
        "Precision": 0.025803310613437196,
        "Recall": 0.9464285714285714,
        "nDCG": 0.563837053963759
    },
    "CD009786": {
        "F0.5Measure": 0.008293402137854773,
        "F1Measure": 0.013196480938416421,
        "F3Measure": 0.062326869806094184,
        "NNR": 135.5,
        "NumRet": 1354,
        "Precision": 0.0066469719350073855,
        "Recall": 0.9,
        "nDCG": 0.39649249025403305
    },
    "CD009925": {
        "F0.5Measure": 0.11914939089549048,
        "F1Measure": 0.17754777070063693,
        "F3Measure": 0.512408088235294,
        "NNR": 10.212527964205817,
        "NumRet": 4564,
        "Precision": 0.09772129710780017,
        "Recall": 0.9695652173913043,
        "nDCG": 0.7835748392865924
    },
    "CD009944": {
        "F0.5Measure": 0.1388050694025347,
        "F1Measure": 0.20399113082039913,
        "F3Measure": 0.5456702253855278,
        "NNR": 8.655913978494624,
        "NumRet": 804,
        "Precision": 0.11442786069651742,
        "Recall": 0.9387755102040817,
        "nDCG": 0.7349033755552274
    },
    "CD010023": {
        "F0.5Measure": 0.09103641456582633,
        "F1Measure": 0.13811420982735725,
        "F3Measure": 0.4448246364414029,
        "NNR": 13.245283018867925,
        "NumRet": 701,
        "Precision": 0.07417974322396577,
        "Recall": 1,
        "nDCG": 0.7558223066495765
    },
    "CD010173": {
        "F0.5Measure": 0.007236800704801461,