{
    "CD007394": {
        "F0.5Measure": 0.1022931654676259,
        "F1Measure": 0.15410668924640133,
        "F3Measure": 0.4747000521648409,
        "NNR": 11.847826086956522,
        "NumRet": 1089,
        "Precision": 0.08356290174471992,
        "Recall": 0.9891304347826086,
        "nDCG": 0.7505231051141029
    },
    "CD007427": {
        "F0.5Measure": 0.09590556990040576,
        "F1Measure": 0.14404432132963987,
        "F3Measure": 0.4355108877721943,
        "NNR": 12.528301886792454,
        "NumRet": 663,
        "Precision": 0.0784313725490196,
        "Recall": 0.8813559322033898,
        "nDCG": 0.5902779793047592
    },
    "CD008054": {
        "F0.5Measure": 0.1596351197263398,
        "F1Measure": 0.22857142857142856,
        "F3Measure": 0.5388069275176396,
        "NNR": 7.485207100591716,
        "NumRet": 1264,
        "Precision": 0.13291139240506328,
        "Recall": 0.8155339805825242,
        "nDCG": 0.6310889784752138
    },
    "CD008081": {
        "F0.5Measure": 0.07202881152460984,
        "F1Measure": 0.11009174311926606,
        "F3Measure": 0.37267080745341613,
        "NNR": 16.44,
        "NumRet": 410,
        "Precision": 0.05853658536585366,
        "Recall": 0.9230769230769231,
        "nDCG": 0.4223720385394144
    },
    "CD008643": {
        "F0.5Measure": 0.000760051683514479,
        "F1Measure": 0.0012152514051344374,
        "F3Measure": 0.006032272658724175,
        "NNR": 1315.6,
        "NumRet": 6577,
        "Precision": 0.0006081800212863008,
        "Recall": 0.6666666666666666,
        "nDCG": 0.10685740342463111
    },
    "CD008686": {
        "F0.5Measure": 0.0033328889481402486,
        "F1Measure": 0.005321979776476849,
        "F3Measure": 0.026055237102657634,
        "NNR": 312.5,
        "NumRet": 1874,
        "Precision": 0.0026680896478121665,
        "Recall": 1,
        "nDCG": 0.21414727350271603
    },
    "CD008691": {
        "F0.5Measure": 0.09603596240294238,
        "F1Measure": 0.1419939577039275,
        "F3Measure": 0.3923205342237062,
        "NNR": 12.416666666666666,
        "NumRet": 595,
        "Precision": 0.07899159663865546,
        "Recall": 0.7014925373134329,
        "nDCG": 0.4554539824144485
    },
    "CD008760": {
        "F0.5Measure": 0.46875,
        "F1Measure": 0.5454545454545454,
        "F3Measure": 0.6976744186046512,
        "NNR": 2.2,
        "NumRet": 21,
        "Precision": 0.42857142857142855,
        "Recall": 0.75,
        "nDCG": 0.7962699485851964
    },
    "CD008782": {
        "F0.5Measure": 0.011676786548341896,
        "F1Measure": 0.01855287569573284,
        "F3Measure": 0.08635578583765112,
        "NNR": 104.5,
        "NumRet": 4806,
        "Precision": 0.009363295880149813,
        "Recall": 1,
        "nDCG": 0.4678468726895539
    },
    "CD008803": {
        "F0.5Measure": 0.04555414600392112,
        "F1Measure": 0.07047279214986618,
        "F3Measure": 0.2603823335530653,
        "NNR": 26.8,
        "NumRet": 2143,
        "Precision": 0.036864209052729816,
        "Recall": 0.797979797979798,
        "nDCG": 0.4681878797557561
    },
    "CD009020": {
        "F0.5Measure": 0.1701570680628272,
        "F1Measure": 0.2321428571428571,
        "F3Measure": 0.4513888888888889,
        "NNR": 6.858695652173913,
        "NumRet": 630,
        "Precision": 0.14444444444444443,
        "Recall": 0.5909090909090909,
        "nDCG": 0.44493081687933056
    },
    "CD009135": {
        "F0.5Measure": 0.274079874706343,
        "F1Measure": 0.37135278514588865,
        "F3Measure": 0.7049345417925478,
        "NNR": 4.23943661971831,
        "NumRet": 300,
        "Precision": 0.23333333333333334,
        "Recall": 0.9090909090909091,
        "nDCG": 0.7755181165842794
    },
    "CD009185": {
        "F0.5Measure": 0.15855457227138642,
        "F1Measure": 0.23025435073627845,
        "F3Measure": 0.5799055967633177,
        "NNR": 7.540229885057471,
        "NumRet": 655,
        "Precision": 0.13129770992366413,
        "Recall": 0.9347826086956522,
        "nDCG": 0.7605002411178191
    },
    "CD009323": {
        "F0.5Measure": 0.061010623026126906,
        "F1Measure": 0.09366391184573003,
        "F3Measure": 0.32704886494805696,
        "NNR": 19.976744186046513,
        "NumRet": 1717,
        "Precision": 0.04950495049504951,
        "Recall": 0.8673469387755102,
        "nDCG": 0.5880791915612235
    },
    "CD009372": {
        "F0.5Measure": 0.02813599062133646,
        "F1Measure": 0.04423963133640553,
        "F3Measure": 0.1867704280155642,
        "NNR": 42.44,
        "NumRet": 1060,
        "Precision": 0.022641509433962263,
        "Recall": 0.96,
        "nDCG": 0.4898835819432683
    },
    "CD009519": {
        "F0.5Measure": 0.04905732974220854,
        "F1Measure": 0.07620470676129995,
        "F3Measure": 0.29068110572812766,
        "NNR": 24.990291262135923,
        "NumRet": 2573,
        "Precision": 0.03964244073066459,
        "Recall": 0.9807692307692307,
        "nDCG": 0.7165110981149793
    },
    "CD009551": {
        "F0.5Measure": 0.0751143043762247,
        "F1Measure": 0.11499999999999999,
        "F3Measure": 0.3938356164383562,
        "NNR": 16.06382978723404,
        "NumRet": 754,
        "Precision": 0.0610079575596817,
        "Recall": 1,
        "nDCG": 0.6003969139935621
    },
    "CD009579": {
        "F0.5Measure": 0.0538992757284824,
        "F1Measure": 0.08333333333333334,
        "F3Measure": 0.3065134099616858,
        "NNR": 22.751937984496124,
        "NumRet": 2934,
        "Precision": 0.043626448534423996,
        "Recall": 0.927536231884058,
        "nDCG": 0.7845676795978197
    },
    "CD009591": {
        "F0.5Measure": 0.046362098138747886,
        "F1Measure": 0.07208629308076822,
        "F3Measure": 0.27704752275025274,
        "NNR": 26.514492753623188,
        "NumRet": 3658,
        "Precision": 0.037452159650082015,
        "Recall": 0.958041958041958,
        "nDCG": 0.7026964713185226
    },
    "CD009593": {
        "F0.5Measure": 0.011278334504307952,
        "F1Measure": 0.017920094007050528,
        "F3Measure": 0.08342450765864333,
        "NNR": 108.80645161290323,
        "NumRet": 6745,
        "Precision": 0.009043736100815419,
        "Recall": 0.9682539682539683,
        "nDCG": 0.7056022781001654
    },
    "CD009647": {
        "F0.5Measure": 0.04319852941176471,
        "F1Measure": 0.06704707560627675,
        "F3Measure": 0.25405405405405407,
        "NNR": 28.0625,
        "NumRet": 1346,
        "Precision": 0.034918276374442794,
        "Recall": 0.8392857142857143,
        "nDCG": 0.5240089508555024
    },
    "CD009786": {
        "F0.5Measure": 0.012338062924120912,
        "F1Measure": 0.019559902200488997,
        "F3Measure": 0.08908685968819599,
        "NNR": 89.88888888888889,
        "NumRet": 808,
        "Precision": 0.009900990099009901,
        "Recall": 0.8,
        "nDCG": 0.3741450242550468
    },
    "CD009925": {
        "F0.5Measure": 0.15980958857531452,
        "F1Measure": 0.22884966524650033,
        "F3Measure": 0.5397645707723228,
        "NNR": 7.49867374005305,
        "NumRet": 2826,
        "Precision": 0.13305024769992924,
        "Recall": 0.8173913043478261,
        "nDCG": 0.6936603431827322
    },
    "CD009944": {
        "F0.5Measure": 0.20334928229665072,
        "F1Measure": 0.2852348993288591,
        "F3Measure": 0.6159420289855072,
        "NNR": 5.8023255813953485,
        "NumRet": 498,
        "Precision": 0.1706827309236948,
        "Recall": 0.8673469387755102,
        "nDCG": 0.6980701420972593
    },
    "CD010023": {
        "F0.5Measure": 0.13676148796498908,
        "F1Measure": 0.20161290322580647,
        "F3Measure": 0.5482456140350878,
        "NNR": 8.72549019607843,
        "NumRet": 444,
        "Precision": 0.11261261261261261,
        "Recall": 0.9615384615384616,
        "nDCG": 0.7389149714920973
    },