{
    "CD007394": {
        "F0.5Measure": 0.40476190476190477,
        "F1Measure": 0.3908045977011494,
        "F3Measure": 0.3736263736263736,
        "NNR": 2.3714285714285714,
        "NumRet": 82,
        "Precision": 0.4146341463414634,
        "Recall": 0.3695652173913043,
        "nDCG": 0.37946522762463153
    },
    "CD007427": {
        "F0.5Measure": 0.28673835125448033,
        "F1Measure": 0.2807017543859649,
        "F3Measure": 0.27303754266211605,
        "NNR": 3.2941176470588234,
        "NumRet": 55,
        "Precision": 0.2909090909090909,
        "Recall": 0.2711864406779661,
        "nDCG": 0.25570526152842343
    },
    "CD008054": {
        "F0.5Measure": 0.2574750830564784,
        "F1Measure": 0.20327868852459016,
        "F3Measure": 0.15873015873015872,
        "NNR": 3.125,
        "NumRet": 99,
        "Precision": 0.31313131313131315,
        "Recall": 0.15048543689320387,
        "nDCG": 0.18413696181128614
    },
    "CD008081": {
        "F0.5Measure": 0.09740259740259741,
        "F1Measure": 0.10344827586206896,
        "F3Measure": 0.11278195488721804,
        "NNR": 8.25,
        "NumRet": 32,
        "Precision": 0.09375,
        "Recall": 0.11538461538461539,
        "nDCG": 0.07908740140721174
    },
    "CD008643": {
        "F0.5Measure": 0,
        "F1Measure": 0,
        "F3Measure": 0,
        "NNR": 533,
        "NumRet": 532,
        "Precision": 0,
        "Recall": 0,
        "nDCG": 0
    },
    "CD008686": {
        "F0.5Measure": 0.008210180623973726,
        "F1Measure": 0.01282051282051282,
        "F3Measure": 0.0510204081632653,
        "NNR": 76,
        "NumRet": 151,
        "Precision": 0.006622516556291391,
        "Recall": 0.2,
        "nDCG": 0.0721549951943104
    },
    "CD008691": {
        "F0.5Measure": 0.1636363636363636,
        "F1Measure": 0.15126050420168066,
        "F3Measure": 0.13740458015267173,
        "NNR": 5.3,
        "NumRet": 52,
        "Precision": 0.17307692307692307,
        "Recall": 0.13432835820895522,
        "nDCG": 0.14425348954555023
    },
    "CD008760": {
        "F0.5Measure": 0,
        "F1Measure": 0,
        "F3Measure": 0,
        "NNR": 1,
        "NumRet": 1,
        "Precision": 0,
        "Recall": 0.08333333333333333,
        "nDCG": 0.1963579357992893
    },
    "CD008782": {
        "F0.5Measure": 0.06528189910979228,
        "F1Measure": 0.0967032967032967,
        "F3Measure": 0.2699386503067484,
        "NNR": 17.869565217391305,
        "NumRet": 410,
        "Precision": 0.05365853658536585,
        "Recall": 0.4888888888888889,
        "nDCG": 0.27994703482770616
    },
    "CD008803": {
        "F0.5Measure": 0.09727626459143969,
        "F1Measure": 0.11235955056179775,
        "F3Measure": 0.141643059490085,
        "NNR": 10.5625,
        "NumRet": 168,
        "Precision": 0.08928571428571429,
        "Recall": 0.15151515151515152,
        "nDCG": 0.1408272996107128
    },
    "CD009020": {
        "F0.5Measure": 0.12121212121212122,
        "F1Measure": 0.08080808080808081,
        "F3Measure": 0.05594405594405595,
        "NNR": 5,
        "NumRet": 44,
        "Precision": 0.18181818181818182,
        "Recall": 0.05194805194805195,
        "nDCG": 0.08745893848166031
    },
    "CD009135": {
        "F0.5Measure": 0.43478260869565216,
        "F1Measure": 0.28571428571428575,
        "F3Measure": 0.19607843137254902,
        "NNR": 1.4666666666666666,
        "NumRet": 21,
        "Precision": 0.6666666666666666,
        "Recall": 0.18181818181818182,
        "nDCG": 0.2695636742343229
    },
    "CD009185": {
        "F0.5Measure": 0.36231884057971014,
        "F1Measure": 0.2898550724637681,
        "F3Measure": 0.2288329519450801,
        "NNR": 2.238095238095238,
        "NumRet": 46,
        "Precision": 0.43478260869565216,
        "Recall": 0.21739130434782608,
        "nDCG": 0.3170638033277201
    },
    "CD009323": {
        "F0.5Measure": 0.17027863777089783,
        "F1Measure": 0.18723404255319148,
        "F3Measure": 0.2158979391560353,
        "NNR": 6,
        "NumRet": 137,
        "Precision": 0.16058394160583941,
        "Recall": 0.22448979591836735,
        "nDCG": 0.2378958580569983
    },
    "CD009372": {
        "F0.5Measure": 0.07334963325183375,
        "F1Measure": 0.09917355371900827,
        "F3Measure": 0.18691588785046728,
        "NNR": 13.857142857142858,
        "NumRet": 96,
        "Precision": 0.0625,
        "Recall": 0.24,
        "nDCG": 0.20773510947823012
    },
    "CD009519": {
        "F0.5Measure": 0.2412280701754386,
        "F1Measure": 0.2875816993464052,
        "F3Measure": 0.38664323374340953,
        "NNR": 4.511111111111111,
        "NumRet": 202,
        "Precision": 0.21782178217821782,
        "Recall": 0.4230769230769231,
        "nDCG": 0.42201094942112666
    },
    "CD009551": {
        "F0.5Measure": 0.1991150442477876,
        "F1Measure": 0.1978021978021978,
        "F3Measure": 0.19607843137254902,
        "NNR": 4.6,
        "NumRet": 45,
        "Precision": 0.2,
        "Recall": 0.1956521739130435,
        "nDCG": 0.1904544294333596
    },
    "CD009579": {
        "F0.5Measure": 0.33365570599613154,
        "F1Measure": 0.3812154696132597,
        "F3Measure": 0.470668485675307,
        "NNR": 3.2142857142857144,
        "NumRet": 224,
        "Precision": 0.3080357142857143,
        "Recall": 0.5,
        "nDCG": 0.5481110530836545
    },
    "CD009591": {
        "F0.5Measure": 0.2643335815338794,
        "F1Measure": 0.32054176072234764,
        "F3Measure": 0.44738500315059865,
        "NNR": 4.180555555555555,
        "NumRet": 300,
        "Precision": 0.23666666666666666,
        "Recall": 0.4965034965034965,
        "nDCG": 0.4543145816578119
    },
    "CD009593": {
        "F0.5Measure": 0.09055627425614489,
        "F1Measure": 0.1339712918660287,
        "F3Measure": 0.37135278514588854,
        "NNR": 13.13953488372093,
        "NumRet": 564,
        "Precision": 0.07446808510638298,
        "Recall": 0.6666666666666666,
        "nDCG": 0.5914129562925343
    },
    "CD009647": {
        "F0.5Measure": 0.11607142857142856,
        "F1Measure": 0.14285714285714285,
        "F3Measure": 0.20634920634920637,
        "NNR": 9.071428571428571,
        "NumRet": 126,
        "Precision": 0.10317460317460317,
        "Recall": 0.23214285714285715,
        "nDCG": 0.25977215796709097
    },
    "CD009786": {
        "F0.5Measure": 0.14957264957264957,
        "F1Measure": 0.21212121212121213,
        "F3Measure": 0.4794520547945206,
        "NNR": 7.125,
        "NumRet": 56,
        "Precision": 0.125,
        "Recall": 0.7,
        "nDCG": 0.34661412159526167
    },
    "CD009925": {
        "F0.5Measure": 0.2977941176470588,
        "F1Measure": 0.2364963503649635,
        "F3Measure": 0.18556701030927833,
        "NNR": 2.7560975609756095,
        "NumRet": 225,
        "Precision": 0.36,
        "Recall": 0.17608695652173914,
        "nDCG": 0.2301487833892045
    },
    "CD009944": {
        "F0.5Measure": 0.3048780487804878,
        "F1Measure": 0.2222222222222222,
        "F3Measure": 0.1632208922742111,
        "NNR": 2.375,
        "NumRet": 37,
        "Precision": 0.40540540540540543,
        "Recall": 0.15306122448979592,
        "nDCG": 0.22286617129501554
    },
    "CD010023": {
        "F0.5Measure": 0.33163265306122447,
        "F1Measure": 0.2954545454545454,
        "F3Measure": 0.25793650793650796,
        "NNR": 2.642857142857143,
        "NumRet": 36,
        "Precision": 0.3611111111111111,
        "Recall": 0.25,
        "nDCG": 0.34183137150413545
    },
    "CD010173": {
        "F0.5Measure": 0.02662406815761448,
        "F1Measure": 0.03968253968253968,
        "F3Measure": 0.1146788990825688,
        "NNR": 38.333333333333336,
        "NumRet": 229,
        "Precision": 0.021834061135371178,
        "Recall": 0.21739130434782608,
        "nDCG": 0.09312671510955384
    },