{
    "CD007394": {
        "F0.5Measure": 0.350765306122449,
        "F1Measure": 0.41509433962264153,
        "F3Measure": 0.5494505494505495,
        "NNR": 3.107142857142857,
        "NumRet": 173,
        "Precision": 0.3179190751445087,
        "Recall": 0.5978260869565217,
        "nDCG": 0.5334096754141536
    },
    "CD007427": {
        "F0.5Measure": 0.26011560693641617,
        "F1Measure": 0.3103448275862069,
        "F3Measure": 0.4179566563467491,
        "NNR": 4.142857142857143,
        "NumRet": 115,
        "Precision": 0.23478260869565218,
        "Recall": 0.4576271186440678,
        "nDCG": 0.37967222838250536
    },
    "CD008054": {
        "F0.5Measure": 0.28310940499040305,
        "F1Measure": 0.28433734939759037,
        "F3Measure": 0.2859912748424624,
        "NNR": 3.5,
        "NumRet": 209,
        "Precision": 0.2822966507177033,
        "Recall": 0.28640776699029125,
        "nDCG": 0.29280954676355553
    },
    "CD008081": {
        "F0.5Measure": 0.06711409395973154,
        "F1Measure": 0.0851063829787234,
        "F3Measure": 0.13245033112582782,
        "NNR": 13.8,
        "NumRet": 68,
        "Precision": 0.058823529411764705,
        "Recall": 0.15384615384615385,
        "nDCG": 0.09871149326256964
    },
    "CD008643": {
        "F0.5Measure": 0.0011165698972755696,
        "F1Measure": 0.0017793594306049821,
        "F3Measure": 0.008532423208191127,
        "NNR": 559.5,
        "NumRet": 1118,
        "Precision": 0.0008944543828264759,
        "Recall": 0.16666666666666666,
        "nDCG": 0.0314368965893712
    },
    "CD008686": {
        "F0.5Measure": 0.003891050583657588,
        "F1Measure": 0.006153846153846155,
        "F3Measure": 0.027397260273972605,
        "NNR": 160.5,
        "NumRet": 320,
        "Precision": 0.003125,
        "Recall": 0.2,
        "nDCG": 0.0721549951943104
    },
    "CD008691": {
        "F0.5Measure": 0.1717171717171717,
        "F1Measure": 0.19540229885057472,
        "F3Measure": 0.23943661971830985,
        "NNR": 6,
        "NumRet": 107,
        "Precision": 0.1588785046728972,
        "Recall": 0.2537313432835821,
        "nDCG": 0.2248110297507696
    },
    "CD008760": {
        "F0.5Measure": 0,
        "F1Measure": 0,
        "F3Measure": 0,
        "NNR": 1,
        "NumRet": 3,
        "Precision": 0,
        "Recall": 0.25,
        "nDCG": 0.41842496774457966
    },
    "CD008782": {
        "F0.5Measure": 0.04339022273647672,
        "F1Measure": 0.066815144766147,
        "F3Measure": 0.23847376788553262,
        "NNR": 27.548387096774192,
        "NumRet": 853,
        "Precision": 0.035169988276670575,
        "Recall": 0.6666666666666666,
        "nDCG": 0.3517763834947563
    },
    "CD008803": {
        "F0.5Measure": 0.07962840079628401,
        "F1Measure": 0.10643015521064302,
        "F3Measure": 0.1930812550281577,
        "NNR": 14.12,
        "NumRet": 352,
        "Precision": 0.06818181818181818,
        "Recall": 0.24242424242424243,
        "nDCG": 0.19581609415070117
    },
    "CD009020": {
        "F0.5Measure": 0.11992619926199262,
        "F1Measure": 0.10358565737051792,
        "F3Measure": 0.08766014834794335,
        "NNR": 7,
        "NumRet": 97,
        "Precision": 0.13402061855670103,
        "Recall": 0.08441558441558442,
        "nDCG": 0.11596211951169047
    },
    "CD009135": {
        "F0.5Measure": 0.4863813229571985,
        "F1Measure": 0.4098360655737705,
        "F3Measure": 0.33875338753387535,
        "NNR": 1.7692307692307692,
        "NumRet": 45,
        "Precision": 0.5555555555555556,
        "Recall": 0.3246753246753247,
        "nDCG": 0.3935965733671559
    },
    "CD009185": {
        "F0.5Measure": 0.3861788617886179,
        "F1Measure": 0.39583333333333337,
        "F3Measure": 0.40948275862068967,
        "NNR": 2.58974358974359,
        "NumRet": 100,
        "Precision": 0.38,
        "Recall": 0.41304347826086957,
        "nDCG": 0.46570840505221733
    },
    "CD009323": {
        "F0.5Measure": 0.17885532591414943,
        "F1Measure": 0.23195876288659792,
        "F3Measure": 0.3839590443686007,
        "NNR": 6.326086956521739,
        "NumRet": 290,
        "Precision": 0.15517241379310345,
        "Recall": 0.45918367346938777,
        "nDCG": 0.3829087316585194
    },
    "CD009372": {
        "F0.5Measure": 0.0861008610086101,
        "F1Measure": 0.12612612612612614,
        "F3Measure": 0.33175355450236976,
        "NNR": 13.2,
        "NumRet": 197,
        "Precision": 0.07106598984771574,
        "Recall": 0.56,
        "nDCG": 0.34479280962138836
    },
    "CD009519": {
        "F0.5Measure": 0.17660044150110374,
        "F1Measure": 0.24105461393596989,
        "F3Measure": 0.46955245781364635,
        "NNR": 6.584615384615384,
        "NumRet": 427,
        "Precision": 0.14988290398126464,
        "Recall": 0.6153846153846154,
        "nDCG": 0.5341431394818773
    },
    "CD009551": {
        "F0.5Measure": 0.20361990950226247,
        "F1Measure": 0.2482758620689655,
        "F3Measure": 0.3508771929824561,
        "NNR": 5.2631578947368425,
        "NumRet": 99,
        "Precision": 0.18181818181818182,
        "Recall": 0.391304347826087,
        "nDCG": 0.31149892411604746
    },
    "CD009579": {
        "F0.5Measure": 0.20613614573346117,
        "F1Measure": 0.27520000000000006,
        "F3Measure": 0.4973973395026026,
        "NNR": 5.609195402298851,
        "NumRet": 487,
        "Precision": 0.17659137577002054,
        "Recall": 0.6231884057971014,
        "nDCG": 0.6253599444111183
    },
    "CD009591": {
        "F0.5Measure": 0.1773049645390071,
        "F1Measure": 0.24453024453024455,
        "F3Measure": 0.4945340968245706,
        "NNR": 6.614583333333333,
        "NumRet": 634,
        "Precision": 0.1498422712933754,
        "Recall": 0.6643356643356644,
        "nDCG": 0.5547988271351677
    },
    "CD009593": {
        "F0.5Measure": 0.04788673745575683,
        "F1Measure": 0.07371794871794873,
        "F3Measure": 0.26255707762557084,
        "NNR": 25.23404255319149,
        "NumRet": 1185,
        "Precision": 0.038818565400843885,
        "Recall": 0.7301587301587301,
        "nDCG": 0.6188091759571346
    },
    "CD009647": {
        "F0.5Measure": 0.07380073800738007,
        "F1Measure": 0.10223642172523961,
        "F3Measure": 0.2102496714848883,
        "NNR": 15.176470588235293,
        "NumRet": 257,
        "Precision": 0.0622568093385214,
        "Recall": 0.2857142857142857,
        "nDCG": 0.2879889521906385
    },
    "CD009786": {
        "F0.5Measure": 0.0697211155378486,
        "F1Measure": 0.10526315789473684,
        "F3Measure": 0.32863849765258213,
        "NNR": 15.5,
        "NumRet": 123,
        "Precision": 0.056910569105691054,
        "Recall": 0.7,
        "nDCG": 0.34661412159526167
    },
    "CD009925": {
        "F0.5Measure": 0.33743633276740237,
        "F1Measure": 0.3404710920770878,
        "F3Measure": 0.3446033810143043,
        "NNR": 2.96875,
        "NumRet": 474,
        "Precision": 0.33544303797468356,
        "Recall": 0.3456521739130435,
        "nDCG": 0.3713559659241842
    },
    "CD009944": {
        "F0.5Measure": 0.39473684210526316,
        "F1Measure": 0.3707865168539326,
        "F3Measure": 0.343035343035343,
        "NNR": 2.3823529411764706,
        "NumRet": 80,
        "Precision": 0.4125,
        "Recall": 0.336734693877551,
        "nDCG": 0.3706769430263684
    },
    "CD010023": {
        "F0.5Measure": 0.3230337078651685,
        "F1Measure": 0.359375,
        "F3Measure": 0.42279411764705876,
        "NNR": 3.2083333333333335,
        "NumRet": 76,
        "Precision": 0.3026315789473684,
        "Recall": 0.4423076923076923,
        "nDCG": 0.4720190895343311
    },
    "CD010173": {
        "F0.5Measure": 0.02354788069073783,
        "F1Measure": 0.03636363636363637,
        "F3Measure": 0.1325478645066274,
        "NNR": 47.3,
        "NumRet": 472,