{
    "CD007394": {
        "F0.5Measure": 0.3833333333333333,
        "F1Measure": 0.4200913242009133,
        "F3Measure": 0.481675392670157,
        "NNR": 2.723404255319149,
        "NumRet": 127,
        "Precision": 0.36220472440944884,
        "Recall": 0.5,
        "nDCG": 0.4706628522783081
    },
    "CD007427": {
        "F0.5Measure": 0.3258145363408521,
        "F1Measure": 0.3611111111111111,
        "F3Measure": 0.42207792207792205,
        "NNR": 3.185185185185185,
        "NumRet": 85,
        "Precision": 0.3058823529411765,
        "Recall": 0.4406779661016949,
        "nDCG": 0.36908780516087614
    },
    "CD008054": {
        "F0.5Measure": 0.28728606356968217,
        "F1Measure": 0.2618384401114206,
        "F3Measure": 0.2341803687095167,
        "NNR": 3.2083333333333335,
        "NumRet": 153,
        "Precision": 0.30718954248366015,
        "Recall": 0.22815533980582525,
        "nDCG": 0.24824198524297894
    },
    "CD008081": {
        "F0.5Measure": 0.06637168141592921,
        "F1Measure": 0.07894736842105263,
        "F3Measure": 0.1056338028169014,
        "NNR": 12.75,
        "NumRet": 50,
        "Precision": 0.06,
        "Recall": 0.11538461538461539,
        "nDCG": 0.07908740140721174
    },
    "CD008643": {
        "F0.5Measure": 0.0015197568389057749,
        "F1Measure": 0.0024183796856106408,
        "F3Measure": 0.011428571428571427,
        "NNR": 411,
        "NumRet": 821,
        "Precision": 0.001218026796589525,
        "Recall": 0.16666666666666666,
        "nDCG": 0.0314368965893712
    },
    "CD008686": {
        "F0.5Measure": 0.005313496280552604,
        "F1Measure": 0.008368200836820083,
        "F3Measure": 0.035842293906810034,
        "NNR": 117.5,
        "NumRet": 234,
        "Precision": 0.004273504273504274,
        "Recall": 0.2,
        "nDCG": 0.0721549951943104
    },
    "CD008691": {
        "F0.5Measure": 0.16971279373368145,
        "F1Measure": 0.1780821917808219,
        "F3Measure": 0.19061583577712612,
        "NNR": 5.714285714285714,
        "NumRet": 79,
        "Precision": 0.16455696202531644,
        "Recall": 0.19402985074626866,
        "nDCG": 0.18647431106921022
    },
    "CD008760": {
        "F0.5Measure": 0,
        "F1Measure": 0,
        "F3Measure": 0,
        "NNR": 1,
        "NumRet": 2,
        "Precision": 0,
        "Recall": 0.16666666666666666,
        "nDCG": 0.32024599984493496
    },
    "CD008782": {
        "F0.5Measure": 0.04880905896134322,
        "F1Measure": 0.0741839762611276,
        "F3Measure": 0.24177949709864605,
        "NNR": 24.23076923076923,
        "NumRet": 629,
        "Precision": 0.0397456279809221,
        "Recall": 0.5555555555555556,
        "nDCG": 0.3082617700925912
    },
    "CD008803": {
        "F0.5Measure": 0.09725906277630415,
        "F1Measure": 0.12324929971988796,
        "F3Measure": 0.19147084421235858,
        "NNR": 11.26086956521739,
        "NumRet": 258,
        "Precision": 0.08527131782945736,
        "Recall": 0.2222222222222222,
        "nDCG": 0.1841862883488776
    },
    "CD009020": {
        "F0.5Measure": 0.11520737327188939,
        "F1Measure": 0.08928571428571427,
        "F3Measure": 0.06868131868131867,
        "NNR": 6.454545454545454,
        "NumRet": 70,
        "Precision": 0.14285714285714285,
        "Recall": 0.06493506493506493,
        "nDCG": 0.09942195219531674
    },
    "CD009135": {
        "F0.5Measure": 0.430622009569378,
        "F1Measure": 0.3272727272727273,
        "F3Measure": 0.24793388429752067,
        "NNR": 1.7894736842105263,
        "NumRet": 33,
        "Precision": 0.5454545454545454,
        "Recall": 0.23376623376623376,
        "nDCG": 0.3179744688450383
    },
    "CD009185": {
        "F0.5Measure": 0.4036458333333333,
        "F1Measure": 0.37575757575757573,
        "F3Measure": 0.34406215316315203,
        "NNR": 2.3125,
        "NumRet": 73,
        "Precision": 0.4246575342465753,
        "Recall": 0.33695652173913043,
        "nDCG": 0.41056189612621885
    },
    "CD009323": {
        "F0.5Measure": 0.17368421052631577,
        "F1Measure": 0.21221864951768488,
        "F3Measure": 0.3013698630136986,
        "NNR": 6.294117647058823,
        "NumRet": 213,
        "Precision": 0.15492957746478872,
        "Recall": 0.336734693877551,
        "nDCG": 0.3096585835383468
    },
    "CD009372": {
        "F0.5Measure": 0.07389162561576354,
        "F1Measure": 0.10526315789473682,
        "F3Measure": 0.2425876010781671,
        "NNR": 14.7,
        "NumRet": 146,
        "Precision": 0.06164383561643835,
        "Recall": 0.36,
        "nDCG": 0.26156837668257715
    },
    "CD009519": {
        "F0.5Measure": 0.1997041420118343,
        "F1Measure": 0.25961538461538464,
        "F3Measure": 0.43269230769230765,
        "NNR": 5.6909090909090905,
        "NumRet": 312,
        "Precision": 0.17307692307692307,
        "Recall": 0.5192307692307693,
        "nDCG": 0.4794442437725411
    },
    "CD009551": {
        "F0.5Measure": 0.2121212121212121,
        "F1Measure": 0.23931623931623933,
        "F3Measure": 0.28865979381443296,
        "NNR": 4.8,
        "NumRet": 71,
        "Precision": 0.19718309859154928,
        "Recall": 0.30434782608695654,
        "nDCG": 0.2593226279652465
    },
    "CD009579": {
        "F0.5Measure": 0.26129032258064516,
        "F1Measure": 0.329938900203666,
        "F3Measure": 0.5078369905956114,
        "NNR": 4.317073170731708,
        "NumRet": 353,
        "Precision": 0.22946175637393768,
        "Recall": 0.5869565217391305,
        "nDCG": 0.6035033266489391
    },
    "CD009591": {
        "F0.5Measure": 0.21218172740888666,
        "F1Measure": 0.2796052631578947,
        "F3Measure": 0.4851598173515981,
        "NNR": 5.4186046511627906,
        "NumRet": 465,
        "Precision": 0.1827956989247312,
        "Recall": 0.5944055944055944,
        "nDCG": 0.5143654447154218
    },
    "CD009593": {
        "F0.5Measure": 0.0634338877925007,
        "F1Measure": 0.09635974304068522,
        "F3Measure": 0.3129346314325452,
        "NNR": 18.956521739130434,
        "NumRet": 871,
        "Precision": 0.05166475315729047,
        "Recall": 0.7142857142857143,
        "nDCG": 0.6121437163234379
    },
    "CD009647": {
        "F0.5Measure": 0.08536585365853658,
        "F1Measure": 0.11336032388663968,
        "F3Measure": 0.2014388489208633,
        "NNR": 12.8,
        "NumRet": 191,
        "Precision": 0.07329842931937172,
        "Recall": 0.25,
        "nDCG": 0.2696839720515338
    },
    "CD009786": {
        "F0.5Measure": 0.09562841530054644,
        "F1Measure": 0.1414141414141414,
        "F3Measure": 0.39106145251396646,
        "NNR": 11.25,
        "NumRet": 89,
        "Precision": 0.07865168539325842,
        "Recall": 0.7,
        "nDCG": 0.34661412159526167
    },
    "CD009925": {
        "F0.5Measure": 0.3300865800865801,
        "F1Measure": 0.3023543990086741,
        "F3Measure": 0.27189659014932027,
        "NNR": 2.8292682926829267,
        "NumRet": 347,
        "Precision": 0.3515850144092219,
        "Recall": 0.26521739130434785,
        "nDCG": 0.306675772846895
    },
    "CD009944": {
        "F0.5Measure": 0.34848484848484845,
        "F1Measure": 0.2948717948717949,
        "F3Measure": 0.2446808510638298,
        "NNR": 2.4583333333333335,
        "NumRet": 58,
        "Precision": 0.39655172413793105,
        "Recall": 0.23469387755102042,
        "nDCG": 0.29125738253628447
    },
    "CD010023": {
        "F0.5Measure": 0.3308823529411765,
        "F1Measure": 0.33644859813084116,
        "F3Measure": 0.3441682600382409,
        "NNR": 2.9473684210526314,
        "NumRet": 55,
        "Precision": 0.32727272727272727,
        "Recall": 0.34615384615384615,
        "nDCG": 0.409293663761192
    },
    "CD010173": {
        "F0.5Measure": 0.021082220660576245,
        "F1Measure": 0.032171581769437,
        "F3Measure": 0.10771992818671453,