{
    "CD007394": {
        "F0.5Measure": 0.12850467289719625,
        "F1Measure": 0.19027027027027027,
        "F3Measure": 0.5298013245033113,
        "NNR": 9.370786516853933,
        "NumRet": 833,
        "Precision": 0.1056422569027611,
        "Recall": 0.9565217391304348,
        "nDCG": 0.7351196324777176
    },
    "CD007427": {
        "F0.5Measure": 0.11007025761124122,
        "F1Measure": 0.16262975778546712,
        "F3Measure": 0.4476190476190475,
        "NNR": 10.833333333333334,
        "NumRet": 519,
        "Precision": 0.0905587668593449,
        "Recall": 0.7966101694915254,
        "nDCG": 0.5527063202551752
    },
    "CD008054": {
        "F0.5Measure": 0.18459657701711493,
        "F1Measure": 0.2565845369583688,
        "F3Measure": 0.5345132743362832,
        "NNR": 6.394736842105263,
        "NumRet": 971,
        "Precision": 0.15550978372811536,
        "Recall": 0.7330097087378641,
        "nDCG": 0.5837515416126169
    },
    "CD008081": {
        "F0.5Measure": 0.08114374034003091,
        "F1Measure": 0.12244897959183675,
        "F3Measure": 0.3811252268602541,
        "NNR": 14.454545454545455,
        "NumRet": 317,
        "Precision": 0.06624605678233439,
        "Recall": 0.8076923076923077,
        "nDCG": 0.38001833008572183
    },
    "CD008643": {
        "F0.5Measure": 0.0009787608887148868,
        "F1Measure": 0.001564639155094856,
        "F3Measure": 0.007750435962022862,
        "NNR": 1021.6,
        "NumRet": 5107,
        "Precision": 0.0007832386919913843,
        "Recall": 0.6666666666666666,
        "nDCG": 0.10685740342463111
    },
    "CD008686": {
        "F0.5Measure": 0.0034217279726261765,
        "F1Measure": 0.005460750853242321,
        "F3Measure": 0.026578073089701,
        "NNR": 292.2,
        "NumRet": 1460,
        "Precision": 0.0027397260273972603,
        "Recall": 0.8,
        "nDCG": 0.18189452661098274
    },
    "CD008691": {
        "F0.5Measure": 0.10335917312661495,
        "F1Measure": 0.14981273408239698,
        "F3Measure": 0.37383177570093445,
        "NNR": 11.414634146341463,
        "NumRet": 467,
        "Precision": 0.08565310492505353,
        "Recall": 0.5970149253731343,
        "nDCG": 0.4066091086952664
    },
    "CD008760": {
        "F0.5Measure": 0.5555555555555556,
        "F1Measure": 0.5925925925925926,
        "F3Measure": 0.6504065040650406,
        "NNR": 1.7777777777777777,
        "NumRet": 15,
        "Precision": 0.5333333333333333,
        "Recall": 0.6666666666666666,
        "nDCG": 0.7508370002602182
    },
    "CD008782": {
        "F0.5Measure": 0.01455315208043924,
        "F1Measure": 0.023078940466824023,
        "F3Measure": 0.10543973160795592,
        "NNR": 83.75555555555556,
        "NumRet": 3768,
        "Precision": 0.01167728237791932,
        "Recall": 0.9777777777777777,
        "nDCG": 0.46098049296576216
    },
    "CD008803": {
        "F0.5Measure": 0.053056344343147516,
        "F1Measure": 0.08128219805380653,
        "F3Measure": 0.27963765261914136,
        "NNR": 22.90277777777778,
        "NumRet": 1648,
        "Precision": 0.04308252427184466,
        "Recall": 0.7171717171717171,
        "nDCG": 0.43275900001929285
    },
    "CD009020": {
        "F0.5Measure": 0.17976989453499517,
        "F1Measure": 0.23547880690737835,
        "F3Measure": 0.4012841091492777,
        "NNR": 6.368421052631579,
        "NumRet": 483,
        "Precision": 0.15527950310559005,
        "Recall": 0.487012987012987,
        "nDCG": 0.38373523481017713
    },
    "CD009135": {
        "F0.5Measure": 0.33367037411526795,
        "F1Measure": 0.4327868852459017,
        "F3Measure": 0.7166123778501627,
        "NNR": 3.417910447761194,
        "NumRet": 228,
        "Precision": 0.2894736842105263,
        "Recall": 0.8571428571428571,
        "nDCG": 0.7467238056413071
    },
    "CD009185": {
        "F0.5Measure": 0.18199233716475097,
        "F1Measure": 0.2571912013536379,
        "F3Measure": 0.5727204220045214,
        "NNR": 6.4935064935064934,
        "NumRet": 499,
        "Precision": 0.1523046092184369,
        "Recall": 0.8260869565217391,
        "nDCG": 0.7053288528484148
    },
    "CD009323": {
        "F0.5Measure": 0.07171754321441706,
        "F1Measure": 0.10886252616887648,
        "F3Measure": 0.3518267929634641,
        "NNR": 16.911392405063292,
        "NumRet": 1335,
        "Precision": 0.058426966292134834,
        "Recall": 0.7959183673469388,
        "nDCG": 0.5560103254910735
    },
    "CD009372": {
        "F0.5Measure": 0.03553449807521469,
        "F1Measure": 0.055619930475086905,
        "F3Measure": 0.2257761053621825,
        "NNR": 33.56,
        "NumRet": 838,
        "Precision": 0.028639618138424822,
        "Recall": 0.96,
        "nDCG": 0.4898835819432683
    },
    "CD009519": {
        "F0.5Measure": 0.06209637357178341,
        "F1Measure": 0.09564801530368246,
        "F3Measure": 0.3421142661648991,
        "NNR": 19.683168316831683,
        "NumRet": 1987,
        "Precision": 0.050327126321087066,
        "Recall": 0.9615384615384616,
        "nDCG": 0.708207778331226
    },
    "CD009551": {
        "F0.5Measure": 0.09218612818261634,
        "F1Measure": 0.1390728476821192,
        "F3Measure": 0.4320987654320988,
        "NNR": 13,
        "NumRet": 558,
        "Precision": 0.07526881720430108,
        "Recall": 0.9130434782608695,
        "nDCG": 0.564978385146297
    },
    "CD009579": {
        "F0.5Measure": 0.0655772952053322,
        "F1Measure": 0.10045286125977769,
        "F3Measure": 0.3453155958109256,
        "NNR": 18.634146341463413,
        "NumRet": 2291,
        "Precision": 0.05325185508511567,
        "Recall": 0.8840579710144928,
        "nDCG": 0.7645412497657771
    },
    "CD009591": {
        "F0.5Measure": 0.05560824208983532,
        "F1Measure": 0.0857998004655803,
        "F3Measure": 0.3107684895205974,
        "NNR": 22.03846153846154,
        "NumRet": 2864,
        "Precision": 0.04504189944134078,
        "Recall": 0.9020979020979021,
        "nDCG": 0.6774054824936361
    },
    "CD009593": {
        "F0.5Measure": 0.013918376975701816,
        "F1Measure": 0.02207257762813318,
        "F3Measure": 0.10085470085470086,
        "NNR": 88.06666666666666,
        "NumRet": 5283,
        "Precision": 0.011167897028203672,
        "Recall": 0.9365079365079365,
        "nDCG": 0.69503638758981
    },
    "CD009647": {
        "F0.5Measure": 0.04385964912280701,
        "F1Measure": 0.06755555555555555,
        "F3Measure": 0.2415766052129688,
        "NNR": 27.435897435897434,
        "NumRet": 1069,
        "Precision": 0.03554724041159962,
        "Recall": 0.6785714285714286,
        "nDCG": 0.4608253792554581
    },
    "CD009786": {
        "F0.5Measure": 0.016142050040355124,
        "F1Measure": 0.025518341307814992,
        "F3Measure": 0.11315417256011316,
        "NNR": 68.66666666666667,
        "NumRet": 617,
        "Precision": 0.012965964343598054,
        "Recall": 0.8,
        "nDCG": 0.3741450242550468
    },
    "CD009925": {
        "F0.5Measure": 0.18462206776715895,
        "F1Measure": 0.2568945976577257,
        "F3Measure": 0.5373794847479056,
        "NNR": 6.416422287390029,
        "NumRet": 2187,
        "Precision": 0.15546410608139002,
        "Recall": 0.7391304347826086,
        "nDCG": 0.6454285593652126
    },
    "CD009944": {
        "F0.5Measure": 0.22533495736906214,
        "F1Measure": 0.30578512396694213,
        "F3Measure": 0.583596214511041,
        "NNR": 5.16,
        "NumRet": 386,
        "Precision": 0.19170984455958548,
        "Recall": 0.7551020408163265,
        "nDCG": 0.6372694945532129
    },
    "CD010023": {
        "F0.5Measure": 0.16319444444444442,
        "F1Measure": 0.23558897243107765,
        "F3Measure": 0.5766871165644172,
        "NNR": 7.25,
        "NumRet": 347,
        "Precision": 0.13544668587896252,
        "Recall": 0.9038461538461539,