{
    "CD007394": {
        "F0.5Measure": 0.16990291262135923,
        "F1Measure": 0.2445414847161572,
        "F3Measure": 0.5903021784961349,
        "NNR": 7.011764705882353,
        "NumRet": 595,
        "Precision": 0.1411764705882353,
        "Recall": 0.9130434782608695,
        "nDCG": 0.7135353674480945
    },
    "CD007427": {
        "F0.5Measure": 0.13015873015873014,
        "F1Measure": 0.18721461187214614,
        "F3Measure": 0.45054945054945056,
        "NNR": 9.047619047619047,
        "NumRet": 379,
        "Precision": 0.10817941952506596,
        "Recall": 0.6949152542372882,
        "nDCG": 0.5055310451442879
    },
    "CD008054": {
        "F0.5Measure": 0.21877087508350035,
        "F1Measure": 0.29014396456256925,
        "F3Measure": 0.5135241081928655,
        "NNR": 5.287878787878788,
        "NumRet": 697,
        "Precision": 0.18794835007173602,
        "Recall": 0.6359223300970874,
        "nDCG": 0.5260674193358238
    },
    "CD008081": {
        "F0.5Measure": 0.09594882729211086,
        "F1Measure": 0.14173228346456693,
        "F3Measure": 0.3896103896103896,
        "NNR": 12.052631578947368,
        "NumRet": 228,
        "Precision": 0.07894736842105263,
        "Recall": 0.6923076923076923,
        "nDCG": 0.3363889275888922
    },
    "CD008643": {
        "F0.5Measure": 0.0006746727836999056,
        "F1Measure": 0.001078167115902965,
        "F3Measure": 0.00532197977647685,
        "NNR": 1235,
        "NumRet": 3704,
        "Precision": 0.0005399568034557236,
        "Recall": 0.3333333333333333,
        "nDCG": 0.057389085277128125
    },
    "CD008686": {
        "F0.5Measure": 0.004702562896778744,
        "F1Measure": 0.007497656982193064,
        "F3Measure": 0.036133694670280034,
        "NNR": 212.6,
        "NumRet": 1062,
        "Precision": 0.003766478342749529,
        "Recall": 0.8,
        "nDCG": 0.18189452661098274
    },
    "CD008691": {
        "F0.5Measure": 0.10771369006254343,
        "F1Measure": 0.15121951219512195,
        "F3Measure": 0.3276955602536998,
        "NNR": 10.75,
        "NumRet": 343,
        "Precision": 0.09037900874635568,
        "Recall": 0.4626865671641791,
        "nDCG": 0.3410000671182414
    },
    "CD008760": {
        "F0.5Measure": 0.7142857142857144,
        "F1Measure": 0.6956521739130435,
        "F3Measure": 0.6722689075630252,
        "NNR": 1.3333333333333333,
        "NumRet": 11,
        "Precision": 0.7272727272727273,
        "Recall": 0.6666666666666666,
        "nDCG": 0.7508370002602182
    },
    "CD008782": {
        "F0.5Measure": 0.019395579612088407,
        "F1Measure": 0.030659536541889482,
        "F3Measure": 0.1358609794628752,
        "NNR": 62.75,
        "NumRet": 2760,
        "Precision": 0.015579710144927537,
        "Recall": 0.9555555555555556,
        "nDCG": 0.45391379245539176
    },
    "CD008803": {
        "F0.5Measure": 0.06727385634444213,
        "F1Measure": 0.10140405616224647,
        "F3Measure": 0.313404050144648,
        "NNR": 17.939393939393938,
        "NumRet": 1183,
        "Precision": 0.054945054945054944,
        "Recall": 0.6565656565656566,
        "nDCG": 0.4050010569191348
    },
    "CD009020": {
        "F0.5Measure": 0.16297262059973927,
        "F1Measure": 0.20040080160320645,
        "F3Measure": 0.2888503755054882,
        "NNR": 6.784313725490196,
        "NumRet": 345,
        "Precision": 0.14492753623188406,
        "Recall": 0.3246753246753247,
        "nDCG": 0.2832457098225206
    },
    "CD009135": {
        "F0.5Measure": 0.39528432732316227,
        "F1Measure": 0.4789915966386554,
        "F3Measure": 0.667447306791569,
        "NNR": 2.793103448275862,
        "NumRet": 161,
        "Precision": 0.35403726708074534,
        "Recall": 0.7402597402597403,
        "nDCG": 0.6785378305113376
    },
    "CD009185": {
        "F0.5Measure": 0.20888594164456234,
        "F1Measure": 0.2825112107623319,
        "F3Measure": 0.5329949238578681,
        "NNR": 5.546875,
        "NumRet": 354,
        "Precision": 0.17796610169491525,
        "Recall": 0.6847826086956522,
        "nDCG": 0.629854893543409
    },
    "CD009323": {
        "F0.5Measure": 0.0894206549118388,
        "F1Measure": 0.13320825515947468,
        "F3Measure": 0.3837837837837838,
        "NNR": 13.458333333333334,
        "NumRet": 968,
        "Precision": 0.07334710743801653,
        "Recall": 0.7244897959183674,
        "nDCG": 0.5226232929648081
    },
    "CD009372": {
        "F0.5Measure": 0.045981607357057176,
        "F1Measure": 0.07142857142857142,
        "F3Measure": 0.2725118483412322,
        "NNR": 25.833333333333332,
        "NumRet": 619,
        "Precision": 0.03715670436187399,
        "Recall": 0.92,
        "nDCG": 0.4770128529117187
    },
    "CD009519": {
        "F0.5Measure": 0.08401920438957475,
        "F1Measure": 0.12760416666666669,
        "F3Measure": 0.41385135135135137,
        "NNR": 14.474747474747474,
        "NumRet": 1432,
        "Precision": 0.06843575418994413,
        "Recall": 0.9423076923076923,
        "nDCG": 0.6995719489935162
    },
    "CD009551": {
        "F0.5Measure": 0.12483994878361075,
        "F1Measure": 0.18352941176470586,
        "F3Measure": 0.4918032786885245,
        "NNR": 9.5,
        "NumRet": 379,
        "Precision": 0.10290237467018469,
        "Recall": 0.8478260869565217,
        "nDCG": 0.5364947469479046
    },
    "CD009579": {
        "F0.5Measure": 0.08826125330979698,
        "F1Measure": 0.1331114808652246,
        "F3Measure": 0.4127966976264189,
        "NNR": 13.768595041322314,
        "NumRet": 1665,
        "Precision": 0.07207207207207207,
        "Recall": 0.8695652173913043,
        "nDCG": 0.7576531484885722
    },
    "CD009591": {
        "F0.5Measure": 0.07284690400657973,
        "F1Measure": 0.11096196868008948,
        "F3Measure": 0.36697247706422015,
        "NNR": 16.744,
        "NumRet": 2092,
        "Precision": 0.05927342256214149,
        "Recall": 0.8671328671328671,
        "nDCG": 0.6608606822488949
    },
    "CD009593": {
        "F0.5Measure": 0.018056361643128908,
        "F1Measure": 0.02854230377166157,
        "F3Measure": 0.1264679313459801,
        "NNR": 67.75438596491227,
        "NumRet": 3861,
        "Precision": 0.014504014504014505,
        "Recall": 0.8888888888888888,
        "nDCG": 0.6786206281183395
    },
    "CD009647": {
        "F0.5Measure": 0.0495049504950495,
        "F1Measure": 0.07529411764705882,
        "F3Measure": 0.24653312788906007,
        "NNR": 24.09090909090909,
        "NumRet": 794,
        "Precision": 0.04030226700251889,
        "Recall": 0.5714285714285714,
        "nDCG": 0.4176412119626743
    },
    "CD009786": {
        "F0.5Measure": 0.022598870056497175,
        "F1Measure": 0.035555555555555556,
        "F3Measure": 0.1509433962264151,
        "NNR": 49,
        "NumRet": 440,
        "Precision": 0.01818181818181818,
        "Recall": 0.8,
        "nDCG": 0.3741450242550468
    },
    "CD009925": {
        "F0.5Measure": 0.2202416028285209,
        "F1Measure": 0.2928501469147894,
        "F3Measure": 0.5225445648374694,
        "NNR": 5.276666666666666,
        "NumRet": 1582,
        "Precision": 0.18900126422250316,
        "Recall": 0.65,
        "nDCG": 0.5884724699469283
    },
    "CD009944": {
        "F0.5Measure": 0.27272727272727276,
        "F1Measure": 0.35106382978723405,
        "F3Measure": 0.5689655172413792,
        "NNR": 4.164179104477612,
        "NumRet": 278,
        "Precision": 0.23741007194244604,
        "Recall": 0.673469387755102,
        "nDCG": 0.5910092435756655
    },
    "CD010023": {
        "F0.5Measure": 0.19266917293233085,
        "F1Measure": 0.26885245901639343,
        "F3Measure": 0.5686546463245493,
        "NNR": 6.0476190476190474,
        "NumRet": 253,
        "Precision": 0.16205533596837945,
        "Recall": 0.7884615384615384,
        "nDCG": 0.6583568746851871
    },