{
    "CD007394": {
        "F0.5Measure": 0.2455919395465995,
        "F1Measure": 0.33476394849785407,
        "F3Measure": 0.6489184692179701,
        "NNR": 4.746835443037975,
        "NumRet": 374,
        "Precision": 0.20855614973262032,
        "Recall": 0.8478260869565217,
        "nDCG": 0.6795575729232266
    },
    "CD007427": {
        "F0.5Measure": 0.16908212560386474,
        "F1Measure": 0.23102310231023102,
        "F3Measure": 0.45161290322580644,
        "NNR": 6.805555555555555,
        "NumRet": 244,
        "Precision": 0.14344262295081966,
        "Recall": 0.5932203389830508,
        "nDCG": 0.4557545898693731
    },
    "CD008054": {
        "F0.5Measure": 0.23761375126390297,
        "F1Measure": 0.28967642526964565,
        "F3Measure": 0.40922942969090126,
        "NNR": 4.673684210526316,
        "NumRet": 443,
        "Precision": 0.21218961625282168,
        "Recall": 0.4563106796116505,
        "nDCG": 0.4123371702279981
    },
    "CD008081": {
        "F0.5Measure": 0.09900990099009901,
        "F1Measure": 0.14035087719298245,
        "F3Measure": 0.31662269129287607,
        "NNR": 11.23076923076923,
        "NumRet": 145,
        "Precision": 0.08275862068965517,
        "Recall": 0.46153846153846156,
        "nDCG": 0.24102160601411038
    },
    "CD008643": {
        "F0.5Measure": 0.0005268703898840885,
        "F1Measure": 0.0008413967185527975,
        "F3Measure": 0.004123711340206185,
        "NNR": 1186,
        "NumRet": 2371,
        "Precision": 0.00042176296921130323,
        "Recall": 0.16666666666666666,
        "nDCG": 0.0314368965893712
    },
    "CD008686": {
        "F0.5Measure": 0.005504587155963303,
        "F1Measure": 0.008759124087591242,
        "F3Measure": 0.041379310344827586,
        "NNR": 170.25,
        "NumRet": 680,
        "Precision": 0.004411764705882353,
        "Recall": 0.6,
        "nDCG": 0.1468106027525004
    },
    "CD008691": {
        "F0.5Measure": 0.1407716371220021,
        "F1Measure": 0.18620689655172415,
        "F3Measure": 0.32687651331719125,
        "NNR": 8,
        "NumRet": 223,
        "Precision": 0.1210762331838565,
        "Recall": 0.40298507462686567,
        "nDCG": 0.30980720002996553
    },
    "CD008760": {
        "F0.5Measure": 0.75,
        "F1Measure": 0.631578947368421,
        "F3Measure": 0.5217391304347826,
        "NNR": 1.1428571428571428,
        "NumRet": 7,
        "Precision": 0.8571428571428571,
        "Recall": 0.5,
        "nDCG": 0.6297833396751469
    },
    "CD008782": {
        "F0.5Measure": 0.027820280984837947,
        "F1Measure": 0.04369197160021846,
        "F3Measure": 0.18256503879507074,
        "NNR": 43.58536585365854,
        "NumRet": 1786,
        "Precision": 0.022396416573348264,
        "Recall": 0.8888888888888888,
        "nDCG": 0.4315802366868141
    },
    "CD008803": {
        "F0.5Measure": 0.07905776056792513,
        "F1Measure": 0.1154299175500589,
        "F3Measure": 0.29859841560024375,
        "NNR": 15.02,
        "NumRet": 750,
        "Precision": 0.06533333333333333,
        "Recall": 0.494949494949495,
        "nDCG": 0.3268540973022579
    },
    "CD009020": {
        "F0.5Measure": 0.14243614931237722,
        "F1Measure": 0.15675675675675674,
        "F3Measure": 0.18102372034956304,
        "NNR": 7.233333333333333,
        "NumRet": 216,
        "Precision": 0.13425925925925927,
        "Recall": 0.18831168831168832,
        "nDCG": 0.19373791707973725
    },
    "CD009135": {
        "F0.5Measure": 0.45073375262054505,
        "F1Measure": 0.48587570621468923,
        "F3Measure": 0.5422446406052963,
        "NNR": 2.2954545454545454,
        "NumRet": 100,
        "Precision": 0.43,
        "Recall": 0.5584415584415584,
        "nDCG": 0.5631474499546868
    },
    "CD009185": {
        "F0.5Measure": 0.25205761316872427,
        "F1Measure": 0.3141025641025641,
        "F3Measure": 0.46755725190839703,
        "NNR": 4.42,
        "NumRet": 220,
        "Precision": 0.22272727272727272,
        "Recall": 0.532608695652174,
        "nDCG": 0.5418319600474999
    },
    "CD009323": {
        "F0.5Measure": 0.12062256809338522,
        "F1Measure": 0.17318435754189943,
        "F3Measure": 0.4133333333333333,
        "NNR": 9.825396825396826,
        "NumRet": 618,
        "Precision": 0.10032362459546926,
        "Recall": 0.6326530612244898,
        "nDCG": 0.4769600986288529
    },
    "CD009372": {
        "F0.5Measure": 0.06064281382656156,
        "F1Measure": 0.09280742459396753,
        "F3Measure": 0.31695721077654526,
        "NNR": 19.38095238095238,
        "NumRet": 406,
        "Precision": 0.04926108374384237,
        "Recall": 0.8,
        "nDCG": 0.43593017314221755
    },
    "CD009519": {
        "F0.5Measure": 0.11472785485592317,
        "F1Measure": 0.16945812807881774,
        "F3Measure": 0.46561992420140774,
        "NNR": 10.482758620689655,
        "NumRet": 911,
        "Precision": 0.09440175631174534,
        "Recall": 0.8269230769230769,
        "nDCG": 0.6445212067207771
    },
    "CD009551": {
        "F0.5Measure": 0.14736842105263157,
        "F1Measure": 0.2058823529411765,
        "F3Measure": 0.43750000000000006,
        "NNR": 7.827586206896552,
        "NumRet": 226,
        "Precision": 0.12389380530973451,
        "Recall": 0.6086956521739131,
        "nDCG": 0.42753146173587286
    },
    "CD009579": {
        "F0.5Measure": 0.12551346417161113,
        "F1Measure": 0.1834862385321101,
        "F3Measure": 0.4776378636561008,
        "NNR": 9.567567567567568,
        "NumRet": 1061,
        "Precision": 0.10367577756833177,
        "Recall": 0.7971014492753623,
        "nDCG": 0.7208584875789634
    },
    "CD009591": {
        "F0.5Measure": 0.10501539018649284,
        "F1Measure": 0.15591397849462366,
        "F3Measure": 0.44072948328267475,
        "NNR": 11.504273504273504,
        "NumRet": 1345,
        "Precision": 0.0862453531598513,
        "Recall": 0.8111888111888111,
        "nDCG": 0.6336333927723731
    },
    "CD009593": {
        "F0.5Measure": 0.025441484585453457,
        "F1Measure": 0.03995299647473561,
        "F3Measure": 0.16683022571148184,
        "NNR": 47.90384615384615,
        "NumRet": 2490,
        "Precision": 0.020481927710843374,
        "Recall": 0.8095238095238095,
        "nDCG": 0.6498462571195732
    },
    "CD009647": {
        "F0.5Measure": 0.05586592178770951,
        "F1Measure": 0.0829015544041451,
        "F3Measure": 0.23369036027263881,
        "NNR": 20.96,
        "NumRet": 523,
        "Precision": 0.045889101338432124,
        "Recall": 0.42857142857142855,
        "nDCG": 0.3558640078300455
    },
    "CD009786": {
        "F0.5Measure": 0.03616636528028933,
        "F1Measure": 0.056338028169014086,
        "F3Measure": 0.2197802197802198,
        "NNR": 30.555555555555557,
        "NumRet": 274,
        "Precision": 0.029197080291970802,
        "Recall": 0.8,
        "nDCG": 0.3741450242550468
    },
    "CD009925": {
        "F0.5Measure": 0.2824733096085409,
        "F1Measure": 0.34581347855684136,
        "F3Measure": 0.49329966983880363,
        "NNR": 3.9607843137254903,
        "NumRet": 1009,
        "Precision": 0.25173439048562934,
        "Recall": 0.5521739130434783,
        "nDCG": 0.5224735016710412
    },
    "CD009944": {
        "F0.5Measure": 0.3195488721804512,
        "F1Measure": 0.3736263736263737,
        "F3Measure": 0.4824976348155158,
        "NNR": 3.3846153846153846,
        "NumRet": 175,
        "Precision": 0.2914285714285714,
        "Recall": 0.5204081632653061,
        "nDCG": 0.4965162516846055
    },
    "CD010023": {
        "F0.5Measure": 0.2357142857142857,
        "F1Measure": 0.308411214953271,
        "F3Measure": 0.5238095238095237,
        "NNR": 4.794117647058823,
        "NumRet": 162,
        "Precision": 0.2037037037037037,
        "Recall": 0.6346153846153846,
        "nDCG": 0.5809989515647677
    },