{
    "CD007394": {
        "F0.5Measure": 0.047717842323651456,
        "F1Measure": 0.07422347720855185,
        "F3Measure": 0.28615863141524106,
        "NNR": 25.677419354838708,
        "NumRet": 2387,
        "Precision": 0.038542103058232094,
        "Recall": 1,
        "nDCG": 0.7553843687242072
    },
    "CD007427": {
        "F0.5Measure": 0.053297199638663056,
        "F1Measure": 0.08263305322128851,
        "F3Measure": 0.3105263157894737,
        "NNR": 22.833333333333332,
        "NumRet": 1369,
        "Precision": 0.04309715120525932,
        "Recall": 1,
        "nDCG": 0.640563293374797
    },
    "CD008054": {
        "F0.5Measure": 0.08691983122362867,
        "F1Measure": 0.13217837664420917,
        "F3Measure": 0.4323189926547744,
        "NNR": 14.067632850241546,
        "NumRet": 2911,
        "Precision": 0.07076605977327378,
        "Recall": 1,
        "nDCG": 0.7305112042728713
    },
    "CD008081": {
        "F0.5Measure": 0.03597122302158273,
        "F1Measure": 0.05633802816901409,
        "F3Measure": 0.22988505747126436,
        "NNR": 33.25925925925926,
        "NumRet": 897,
        "Precision": 0.028985507246376812,
        "Recall": 1,
        "nDCG": 0.4481505824197597
    },
    "CD008643": {
        "F0.5Measure": 0.0005318960320556007,
        "F1Measure": 0.0008507621410847218,
        "F3Measure": 0.00423938387620999,
        "NNR": 2014.2857142857142,
        "NumRet": 14099,
        "Precision": 0.0004255620966025959,
        "Recall": 1,
        "nDCG": 0.15396920454852414
    },
    "CD008686": {
        "F0.5Measure": 0.0015999999999999999,
        "F1Measure": 0.0025575447570332483,
        "F3Measure": 0.012658227848101266,
        "NNR": 651,
        "NumRet": 3905,
        "Precision": 0.0012804097311139564,
        "Recall": 1,
        "nDCG": 0.21414727350271603
    },
    "CD008691": {
        "F0.5Measure": 0.0671208174714486,
        "F1Measure": 0.10323574730354391,
        "F3Measure": 0.3653217011995638,
        "NNR": 18.11764705882353,
        "NumRet": 1231,
        "Precision": 0.054427294882209584,
        "Recall": 1,
        "nDCG": 0.5879936298935203
    },
    "CD008760": {
        "F0.5Measure": 0.2542372881355932,
        "F1Measure": 0.35294117647058826,
        "F3Measure": 0.7317073170731707,
        "NNR": 4.384615384615385,
        "NumRet": 56,
        "Precision": 0.21428571428571427,
        "Recall": 1,
        "nDCG": 0.9189064162990698
    },
    "CD008782": {
        "F0.5Measure": 0.005684545615320482,
        "F1Measure": 0.009064356934233053,
        "F3Measure": 0.04373602876858781,
        "NNR": 214.8913043478261,
        "NumRet": 9884,
        "Precision": 0.004552812626467017,
        "Recall": 1,
        "nDCG": 0.4678468726895539
    },
    "CD008803": {
        "F0.5Measure": 0.02535990573287566,
        "F1Measure": 0.039967702866370615,
        "F3Measure": 0.17229376957883744,
        "NNR": 48.56,
        "NumRet": 4855,
        "Precision": 0.0203913491246138,
        "Recall": 1,
        "nDCG": 0.5526668371947956
    },
    "CD009020": {
        "F0.5Measure": 0.12738853503184713,
        "F1Measure": 0.18917237087741132,
        "F3Measure": 0.5353997886579781,
        "NNR": 9.50326797385621,
        "NumRet": 1453,
        "Precision": 0.10461114934618032,
        "Recall": 0.987012987012987,
        "nDCG": 0.6609492582888807
    },
    "CD009135": {
        "F0.5Measure": 0.1283350219520432,
        "F1Measure": 0.19047619047619047,
        "F3Measure": 0.5374823196605374,
        "NNR": 9.376623376623376,
        "NumRet": 721,
        "Precision": 0.10540915395284327,
        "Recall": 0.987012987012987,
        "nDCG": 0.8137381703132218
    },
    "CD009185": {
        "F0.5Measure": 0.07550886408404464,
        "F1Measure": 0.11557788944723618,
        "F3Measure": 0.3951890034364261,
        "NNR": 16.13978494623656,
        "NumRet": 1500,
        "Precision": 0.06133333333333333,
        "Recall": 1,
        "nDCG": 0.7913848661516872
    },
    "CD009323": {
        "F0.5Measure": 0.03327844105942089,
        "F1Measure": 0.05219262846381491,
        "F3Measure": 0.2155076649633415,
        "NNR": 36.93877551020408,
        "NumRet": 3619,
        "Precision": 0.02680298424979276,
        "Recall": 0.9897959183673469,
        "nDCG": 0.6401146756245777
    },
    "CD009372": {
        "F0.5Measure": 0.014690327888118462,
        "F1Measure": 0.023299161230195712,
        "F3Measure": 0.10656436487638533,
        "NNR": 81.61538461538461,
        "NumRet": 2121,
        "Precision": 0.011786892975011787,
        "Recall": 1,
        "nDCG": 0.5020133143613437
    },
    "CD009519": {
        "F0.5Measure": 0.023189439885836605,
        "F1Measure": 0.036593947923997186,
        "F3Measure": 0.1596071209330878,
        "NNR": 53.15238095238095,
        "NumRet": 5580,
        "Precision": 0.01863799283154122,
        "Recall": 1,
        "nDCG": 0.7246203509750236
    },
    "CD009551": {
        "F0.5Measure": 0.03209600893106335,
        "F1Measure": 0.05038335158817086,
        "F3Measure": 0.20966271649954416,
        "NNR": 37.8936170212766,
        "NumRet": 1780,
        "Precision": 0.025842696629213482,
        "Recall": 1,
        "nDCG": 0.6003969139935621
    },
    "CD009579": {
        "F0.5Measure": 0.028276370789279567,
        "F1Measure": 0.04448742746615087,
        "F3Measure": 0.18883415435139572,
        "NNR": 43.64748201438849,
        "NumRet": 6066,
        "Precision": 0.02274975272007913,
        "Recall": 1,
        "nDCG": 0.8160406859954159
    },
    "CD009591": {
        "F0.5Measure": 0.023635582294800173,
        "F1Measure": 0.03728813559322034,
        "F3Measure": 0.16224188790560473,
        "NNR": 52.27777777777778,
        "NumRet": 7527,
        "Precision": 0.018998272884283247,
        "Recall": 1,
        "nDCG": 0.721069831627237
    },
    "CD009593": {
        "F0.5Measure": 0.005646881666457524,
        "F1Measure": 0.009004502251125562,
        "F3Measure": 0.04345726702076291,
        "NNR": 217.671875,
        "NumRet": 13930,
        "Precision": 0.004522613065326633,
        "Recall": 1,
        "nDCG": 0.7155778775256477
    },
    "CD009647": {
        "F0.5Measure": 0.02596299093655589,
        "F1Measure": 0.040892193308550186,
        "F3Measure": 0.1752708731676227,
        "NNR": 47.05357142857143,
        "NumRet": 2634,
        "Precision": 0.02088078967350038,
        "Recall": 0.9821428571428571,
        "nDCG": 0.5767629438235077
    },
    "CD009786": {
        "F0.5Measure": 0.005928853754940711,
        "F1Measure": 0.009448818897637795,
        "F3Measure": 0.04534005037783375,
        "NNR": 189.6,
        "NumRet": 1895,
        "Precision": 0.00474934036939314,
        "Recall": 0.9,
        "nDCG": 0.39649249025403305
    },
    "CD009925": {
        "F0.5Measure": 0.09241401478624238,
        "F1Measure": 0.14009441145119536,
        "F3Measure": 0.4489118766468234,
        "NNR": 13.249457700650758,
        "NumRet": 6107,
        "Precision": 0.07532339937776322,
        "Recall": 1,
        "nDCG": 0.8008198487045067
    },
    "CD009944": {
        "F0.5Measure": 0.10845006778129235,
        "F1Measure": 0.16271186440677965,
        "F3Measure": 0.4887983706720977,
        "NNR": 11.164948453608247,
        "NumRet": 1082,
        "Precision": 0.08872458410351201,
        "Recall": 0.9795918367346939,
        "nDCG": 0.7545239471527333
    },
    "CD010023": {
        "F0.5Measure": 0.069593147751606,
        "F1Measure": 0.10688591983556012,
        "F3Measure": 0.3743700503959683,
        "NNR": 17.39622641509434,
        "NumRet": 921,
        "Precision": 0.05646036916395222,
        "Recall": 1,
        "nDCG": 0.7558223066495765
    },
    "CD010173": {
        "F0.5Measure": 0.005546177959971064,
        "F1Measure": 0.008844452989809654,
        "F3Measure": 0.04271123491179202,
        "NNR": 215.79166666666666,
        "NumRet": 5178,