{
    "CD007394": {
        "F0.5Measure": 0.05095259193619849,
        "F1Measure": 0.07910576096302667,
        "F3Measure": 0.3004572175048988,
        "NNR": 24.032258064516128,
        "NumRet": 2234,
        "Precision": 0.04118173679498657,
        "Recall": 1,
        "nDCG": 0.7553843687242072
    },
    "CD007427": {
        "F0.5Measure": 0.05682912733577346,
        "F1Measure": 0.0879284649776453,
        "F3Measure": 0.32524807056229327,
        "NNR": 21.4,
        "NumRet": 1283,
        "Precision": 0.04598597038191738,
        "Recall": 1,
        "nDCG": 0.640563293374797
    },
    "CD008054": {
        "F0.5Measure": 0.09392668247309865,
        "F1Measure": 0.14226519337016572,
        "F3Measure": 0.4533450704225352,
        "NNR": 13,
        "NumRet": 2690,
        "Precision": 0.07657992565055761,
        "Recall": 1,
        "nDCG": 0.7305112042728713
    },
    "CD008081": {
        "F0.5Measure": 0.03866745984533016,
        "F1Measure": 0.06046511627906977,
        "F3Measure": 0.24344569288389512,
        "NNR": 30.925925925925927,
        "NumRet": 834,
        "Precision": 0.03117505995203837,
        "Recall": 1,
        "nDCG": 0.4481505824197597
    },
    "CD008643": {
        "F0.5Measure": 0.0005692815666628715,
        "F1Measure": 0.0009105394946505805,
        "F3Measure": 0.00453617600362894,
        "NNR": 1882,
        "NumRet": 13173,
        "Precision": 0.0004554771122751082,
        "Recall": 1,
        "nDCG": 0.15396920454852414
    },
    "CD008686": {
        "F0.5Measure": 0.0017061352624036033,
        "F1Measure": 0.002727024815925825,
        "F3Measure": 0.01348799568384138,
        "NNR": 610.5,
        "NumRet": 3662,
        "Precision": 0.001365374112506827,
        "Recall": 1,
        "nDCG": 0.21414727350271603
    },
    "CD008691": {
        "F0.5Measure": 0.07153534059363656,
        "F1Measure": 0.10974610974610975,
        "F3Measure": 0.3813318155947638,
        "NNR": 16.985294117647058,
        "NumRet": 1154,
        "Precision": 0.05805892547660312,
        "Recall": 1,
        "nDCG": 0.5879936298935203
    },
    "CD008760": {
        "F0.5Measure": 0.2830188679245283,
        "F1Measure": 0.3870967741935484,
        "F3Measure": 0.7594936708860759,
        "NNR": 3.923076923076923,
        "NumRet": 50,
        "Precision": 0.24,
        "Recall": 1,
        "nDCG": 0.9189064162990698
    },
    "CD008782": {
        "F0.5Measure": 0.006054734802615647,
        "F1Measure": 0.009652509652509654,
        "F3Measure": 0.04646840148698885,
        "NNR": 201.7391304347826,
        "NumRet": 9279,
        "Precision": 0.004849660523763337,
        "Recall": 1,
        "nDCG": 0.4678468726895539
    },
    "CD008803": {
        "F0.5Measure": 0.027307331604788432,
        "F1Measure": 0.04298740772904907,
        "F3Measure": 0.18340125972582438,
        "NNR": 45.08,
        "NumRet": 4507,
        "Precision": 0.021965830929664965,
        "Recall": 1,
        "nDCG": 0.5526668371947956
    },
    "CD009020": {
        "F0.5Measure": 0.13572204125950052,
        "F1Measure": 0.2004008016032064,
        "F3Measure": 0.5496518871381458,
        "NNR": 8.900662251655628,
        "NumRet": 1343,
        "Precision": 0.11169024571854058,
        "Recall": 0.974025974025974,
        "nDCG": 0.6542593042679858
    },
    "CD009135": {
        "F0.5Measure": 0.1396545387725101,
        "F1Measure": 0.20596205962059622,
        "F3Measure": 0.5612998522895126,
        "NNR": 8.597402597402597,
        "NumRet": 661,
        "Precision": 0.11497730711043873,
        "Recall": 0.987012987012987,
        "nDCG": 0.8137381703132218
    },
    "CD009185": {
        "F0.5Measure": 0.08132956152758132,
        "F1Measure": 0.12407282535401212,
        "F3Measure": 0.4146011716989635,
        "NNR": 14.96774193548387,
        "NumRet": 1391,
        "Precision": 0.06613946800862688,
        "Recall": 1,
        "nDCG": 0.7913848661516872
    },
    "CD009323": {
        "F0.5Measure": 0.035510323619856496,
        "F1Measure": 0.05561926605504587,
        "F3Measure": 0.22705992509363296,
        "NNR": 34.60204081632653,
        "NumRet": 3390,
        "Precision": 0.028613569321533923,
        "Recall": 0.9897959183673469,
        "nDCG": 0.6401146756245777
    },
    "CD009372": {
        "F0.5Measure": 0.015599650567827281,
        "F1Measure": 0.02472799208704253,
        "F3Measure": 0.11251125112511252,
        "NNR": 76.84615384615384,
        "NumRet": 1997,
        "Precision": 0.012518778167250876,
        "Recall": 1,
        "nDCG": 0.5020133143613437
    },
    "CD009519": {
        "F0.5Measure": 0.02483285577841452,
        "F1Measure": 0.03914925654056089,
        "F3Measure": 0.16924328722538648,
        "NNR": 49.61904761904762,
        "NumRet": 5209,
        "Precision": 0.01996544442311384,
        "Recall": 1,
        "nDCG": 0.7246203509750236
    },
    "CD009551": {
        "F0.5Measure": 0.03456567478208597,
        "F1Measure": 0.05418138987043581,
        "F3Measure": 0.22265246853823814,
        "NNR": 35.170212765957444,
        "NumRet": 1652,
        "Precision": 0.02784503631961259,
        "Recall": 1,
        "nDCG": 0.6003969139935621
    },
    "CD009579": {
        "F0.5Measure": 0.02992050318860837,
        "F1Measure": 0.04702248155139866,
        "F3Measure": 0.1976626749386813,
        "NNR": 41.231884057971016,
        "NumRet": 5689,
        "Precision": 0.024081560907013536,
        "Recall": 0.9927536231884058,
        "nDCG": 0.8130265560868929
    },
    "CD009591": {
        "F0.5Measure": 0.025148605395518976,
        "F1Measure": 0.03963963963963964,
        "F3Measure": 0.17107309486780714,
        "NNR": 49.11805555555556,
        "NumRet": 7072,
        "Precision": 0.02022058823529412,
        "Recall": 1,
        "nDCG": 0.721069831627237
    },
    "CD009593": {
        "F0.5Measure": 0.0060508269463493344,
        "F1Measure": 0.00964630225080386,
        "F3Measure": 0.04643962848297214,
        "NNR": 203.125,
        "NumRet": 12999,
        "Precision": 0.004846526655896607,
        "Recall": 1,
        "nDCG": 0.7155778775256477
    },
    "CD009647": {
        "F0.5Measure": 0.027478017585931255,
        "F1Measure": 0.04323899371069183,
        "F3Measure": 0.18382352941176472,
        "NNR": 44.44642857142857,
        "NumRet": 2488,
        "Precision": 0.022106109324758844,
        "Recall": 0.9821428571428571,
        "nDCG": 0.5767629438235077
    },
    "CD009786": {
        "F0.5Measure": 0.006437768240343347,
        "F1Measure": 0.010256410256410256,
        "F3Measure": 0.049046321525885554,
        "NNR": 174.6,
        "NumRet": 1745,
        "Precision": 0.005157593123209169,
        "Recall": 0.9,
        "nDCG": 0.39649249025403305
    },
    "CD009925": {
        "F0.5Measure": 0.09859941570716617,
        "F1Measure": 0.14892926670992862,
        "F3Measure": 0.4662738724095896,
        "NNR": 12.402173913043478,
        "NumRet": 5704,
        "Precision": 0.08046984572230013,
        "Recall": 0.9978260869565218,
        "nDCG": 0.7996149954070743
    },
    "CD009944": {
        "F0.5Measure": 0.11380145278450364,
        "F1Measure": 0.16998191681735986,
        "F3Measure": 0.4973544973544973,
        "NNR": 10.621052631578948,
        "NumRet": 1008,
        "Precision": 0.09325396825396826,
        "Recall": 0.9591836734693877,
        "nDCG": 0.744820018685314
    },
    "CD010023": {
        "F0.5Measure": 0.07403189066059224,
        "F1Measure": 0.1134133042529989,
        "F3Measure": 0.39009752438109524,
        "NNR": 16.339622641509433,
        "NumRet": 865,
        "Precision": 0.06011560693641618,
        "Recall": 1,
        "nDCG": 0.7558223066495765
    },
    "CD010173": {
        "F0.5Measure": 0.005898948448320082,
        "F1Measure": 0.009405029646289103,
        "F3Measure": 0.04532019704433498,
        "NNR": 202.875,
        "NumRet": 4868,